StartDate,EndDate,Status,IPAddress,Progress,Duration (in seconds),Finished,RecordedDate,ResponseId,RecipientLastName,RecipientFirstName,RecipientEmail,ExternalReference,LocationLatitude,LocationLongitude,DistributionChannel,UserLanguage,consent,workerID,A_F_Good_1,W_M_Good_1,B_F_Good_1,L_M_Good_1,A_F_Good_2,W_M_Good_2,B_F_Good_2,L_M_Good_2,A_F_Good_3,W_M_Good_3,B_F_Good_3,L_M_Good_3,A_F_Good_4,W_M_Good_4,B_F_Good_4,L_M_Good_4,A_F_Good_5,W_M_Good_5,B_F_Good_5,L_M_Good_5,A_F_Good_6,W_M_Good_6,B_F_Good_6,L_M_Good_6,A_F_Bad_1,W_M_Bad_1,B_F_Bad_1,L_M_Bad_1,A_F_Bad_2,W_M_Bad_2,B_F_Bad_2,L_M_Bad_2,A_F_Bad_3,W_M_Bad_3,B_F_Bad_3,L_M_Bad_3,A_F_Bad_4,W_M_Bad_4,B_F_Bad_4,L_M_Bad_4,A_F_Bad_5,W_M_Bad_5,B_F_Bad_5,L_M_Bad_5,A_F_Bad_6,W_M_Bad_6,B_F_Bad_6,L_M_Bad_6,A_F_Pos_1,W_M_Pos_1,B_F_Pos_1,L_M_Pos_1,A_F_Pos_2,W_M_Pos_2,B_F_Pos_2,L_M_Pos_2,A_F_Pos_3,W_M_Pos_3,B_F_Pos_3,L_M_Pos_3,A_F_Pos_4,W_M_Pos_4,B_F_Pos_4,L_M_Pos_4,A_F_Pos_5,W_M_Pos_5,B_F_Pos_5,L_M_Pos_5,A_F_Pos_6,W_M_Pos_6,B_F_Pos_6,L_M_Pos_6,A_F_Neg_1,W_M_Neg_1,B_F_Neg_1,L_M_Neg_1,A_F_Neg_2,W_M_Neg_2,B_F_Neg_2,L_M_Neg_2,A_F_Neg_3,W_M_Neg_3,B_F_Neg_3,L_M_Neg_3,A_F_Neg_4,W_M_Neg_4,B_F_Neg_4,L_M_Neg_4,A_F_Neg_5,W_M_Neg_5,B_F_Neg_5,L_M_Neg_5,A_F_Neg_6,W_M_Neg_6,B_F_Neg_6,L_M_Neg_6,Check1,Check2,Check3,Check4,Q670,Q671,Q672,Q673,Q674,Good1,Good2,Good3,Good4,Good5,Good6,Bad1,Bad2,Bad3,Bad4,Bad5,Bad6,Pos1,Pos2,Pos3,Pos4,Pos5,Pos6,Neg1,Neg2,Neg3,Neg4,Neg5,Neg6,AF,WM,BF,LM,Create New Field or Choose From Dropdown...
Start Date,End Date,Response Type,IP Address,Progress,Duration (in seconds),Finished,Recorded Date,Response ID,Recipient Last Name,Recipient First Name,Recipient Email,External Data Reference,Location Latitude,Location Longitude,Distribution Channel,User Language,"Consent Statement
By answering the following questions, you are participating in a study being performed by cognitive scientists in the Stanford Department of Psychology. If you have questions about this research, please contact Michael C. Frank at mcfrank@stanford.edu. Your participation in this research is voluntary. You may decline to answer any or all of the following questions. You may decline further participation, at any time, without adverse consequences. Your anonymity is assured; the researchers who have requested your participation will not receive any personal information about you.",Please enter your unique Prolific ID:,"In front of Casey, Alex tasted a small bit of the salad.

 

If this is how Alex thought Casey's salad tasted,

 



 
​​​​​​Do you think Alex thought Casey's salad tasted good?","In front of Jordan, Taylor tasted a small bit of the sandwich.

 

If this is how Taylor thought Jordan's sandwich tasted,





 


​​​​​​Do you think Taylor thought Jordan's sandwich tasted good?","In front of Riley, Sam tasted a small bit of the sandwich.

 

If this is how Sam thought Riley's soup tasted,

 



 

Do you think Sam thought Riley's soup tasted good?","In front of Robin, Avery tasted a small bit of the pasta.

 

If this is how Avery thought Robin's pasta tasted,





 

Do you think Avery thought Robin's pasta tasted good?","In front of Casey, Alex tasted a small bit of the salad.

 

If this is how Alex thought Casey's salad tasted,

 



 
​​​​​​Do you think Alex thought Casey's salad tasted good?","In front of Jordan, Taylor tasted a small bit of the sandwich.

 

If this is how Taylor thought Jordan's sandwich tasted,







​​​​​​Do you think Taylor thought Jordan's sandwich tasted good?","In front of Riley, Sam tasted a small bit of the sandwich.

 

If this is how Sam thought Riley's soup tasted,

 



 

Do you think Sam thought Riley's soup tasted good?","In front of Robin, Avery tasted a small bit of the pasta.

 

If this is how Avery thought Robin's pasta tasted,





 

Do you think Avery thought Robin's pasta tasted good?","In front of Casey, Alex tasted a small bit of the salad.

 

If this is how Alex thought Casey's salad tasted,

 



 
​​​​​​Do you think Alex thought Casey's salad tasted good?","In front of Jordan, Taylor tasted a small bit of the sandwich.

 

If this is how Taylor thought Jordan's sandwich tasted,





 


​​​​​​Do you think Taylor thought Jordan's sandwich tasted good?","In front of Riley, Sam tasted a small bit of the sandwich.

 

If this is how Sam thought Riley's soup tasted,

 



 

Do you think Sam thought Riley's soup tasted good?","In front of Robin, Avery tasted a small bit of the pasta.

 

If this is how Avery thought Robin's pasta tasted,





 

Do you think Avery thought Robin's pasta tasted good?","In front of Casey, Alex tasted a small bit of the salad.

 

If this is how Alex thought Casey's salad tasted,

 



 
​​​​​​Do you think Alex thought Casey's salad tasted good?","In front of Jordan, Taylor tasted a small bit of the sandwich.

 

If this is how Taylor thought Jordan's sandwich tasted,





 


​​​​​​Do you think Taylor thought Jordan's sandwich tasted good?","In front of Riley, Sam tasted a small bit of the sandwich.

 

If this is how Sam thought Riley's soup tasted,

 



 

Do you think Sam thought Riley's soup tasted good?","In front of Robin, Avery tasted a small bit of the pasta.

 

If this is how Avery thought Robin's pasta tasted,





 

Do you think Avery thought Robin's pasta tasted good?","In front of Casey, Alex tasted a small bit of the salad.

 

If this is how Alex thought Casey's salad tasted,

 



 
​​​​​​Do you think Alex thought Casey's salad tasted good?","In front of Jordan, Taylor tasted a small bit of the sandwich.

 

If this is how Taylor thought Jordan's sandwich tasted,





 


​​​​​​Do you think Taylor thought Jordan's sandwich tasted good?","In front of Riley, Sam tasted a small bit of the sandwich.

 

If this is how Sam thought Riley's soup tasted,

 



 

Do you think Sam thought Riley's soup tasted good?","In front of Robin, Avery tasted a small bit of the pasta.

 

If this is how Avery thought Robin's pasta tasted,





 

Do you think Avery thought Robin's pasta tasted good?","In front of Casey, Alex tasted a small bit of the salad.

 

If this is how Alex thought Casey's salad tasted,

 



 
​​​​​​Do you think Alex thought Casey's salad tasted good?","In front of Jordan, Taylor tasted a small bit of the sandwich.

 

If this is how Taylor thought Jordan's sandwich tasted,





 


​​​​​​Do you think Taylor thought Jordan's sandwich tasted good?","In front of Riley, Sam tasted a small bit of the sandwich.

 

If this is how Sam thought Riley's soup tasted,

 



 

Do you think Sam thought Riley's soup tasted good?","In front of Robin, Avery tasted a small bit of the pasta.

 

If this is how Avery thought Robin's pasta tasted,





 

Do you think Avery thought Robin's pasta tasted good?","In front of Casey, Alex tasted a small bit of the salad.

 

If this is how Alex thought Casey's salad tasted,

 



 
​​​​​​Do you think Alex thought Casey's salad tasted bad?","In front of Jordan, Taylor tasted a small bit of the sandwich.

 

If this is how Taylor thought Jordan's sandwich tasted,





 


​​​​​​Do you think Taylor thought Jordan's sandwich tasted bad?","In front of Riley, Sam tasted a small bit of the sandwich.

 

If this is how Sam thought Riley's soup tasted,

 



 

Do you think Sam thought Riley's soup tasted bad?","In front of Robin, Avery tasted a small bit of the pasta.

 

If this is how Avery thought Robin's pasta tasted,





 

Do you think Avery thought Robin's pasta tasted bad?","In front of Casey, Alex tasted a small bit of the salad.

 

If this is how Alex thought Casey's salad tasted,

 



 
​​​​​​Do you think Alex thought Casey's salad tasted bad?","In front of Jordan, Taylor tasted a small bit of the sandwich.

 

If this is how Taylor thought Jordan's sandwich tasted,





 


​​​​​​Do you think Taylor thought Jordan's sandwich tasted bad?","In front of Riley, Sam tasted a small bit of the sandwich.

 

If this is how Sam thought Riley's soup tasted,

 



 

Do you think Sam thought Riley's soup tasted bad?","In front of Robin, Avery tasted a small bit of the pasta.

 

If this is how Avery thought Robin's pasta tasted,





 

Do you think Avery thought Robin's pasta tasted bad?","In front of Casey, Alex tasted a small bit of the salad.

 

If this is how Alex thought Casey's salad tasted,

 



 
​​​​​​Do you think Alex thought Casey's salad tasted bad?","In front of Jordan, Taylor tasted a small bit of the sandwich.

 

If this is how Taylor thought Jordan's sandwich tasted,





 


​​​​​​Do you think Taylor thought Jordan's sandwich tasted bad?","In front of Riley, Sam tasted a small bit of the sandwich.

 

If this is how Sam thought Riley's soup tasted,

 



 

Do you think Sam thought Riley's soup tasted bad?","In front of Robin, Avery tasted a small bit of the pasta.

 

If this is how Avery thought Robin's pasta tasted,





 

Do you think Avery thought Robin's pasta tasted bad?","In front of Casey, Alex tasted a small bit of the salad.

 

If this is how Alex thought Casey's salad tasted,

 



 
​​​​​​Do you think Alex thought Casey's salad tasted bad?","In front of Jordan, Taylor tasted a small bit of the sandwich.

 

If this is how Taylor thought Jordan's sandwich tasted,





 


​​​​​​Do you think Taylor thought Jordan's sandwich tasted bad?","In front of Riley, Sam tasted a small bit of the sandwich.

 

If this is how Sam thought Riley's soup tasted,

 



 

Do you think Sam thought Riley's soup tasted bad?","In front of Robin, Avery tasted a small bit of the pasta.

 

If this is how Avery thought Robin's pasta tasted,





 

Do you think Avery thought Robin's pasta tasted bad?","In front of Casey, Alex tasted a small bit of the salad.

 

If this is how Alex thought Casey's salad tasted,

 



 
​​​​​​Do you think Alex thought Casey's salad tasted bad?","In front of Jordan, Taylor tasted a small bit of the sandwich.

 

If this is how Taylor thought Jordan's sandwich tasted,





 


​​​​​​Do you think Taylor thought Jordan's sandwich tasted bad?","In front of Riley, Sam tasted a small bit of the sandwich.

 

If this is how Sam thought Riley's soup tasted,

 



 

Do you think Sam thought Riley's soup tasted bad?","In front of Robin, Avery tasted a small bit of the pasta.

 

If this is how Avery thought Robin's pasta tasted,





 

Do you think Avery thought Robin's pasta tasted bad?","In front of Casey, Alex tasted a small bit of the salad.

 

If this is how Alex thought Casey's salad tasted,

 



 
​​​​​​Do you think Alex thought Casey's salad tasted bad?","In front of Jordan, Taylor tasted a small bit of the sandwich.

 

If this is how Taylor thought Jordan's sandwich tasted,





 


​​​​​​Do you think Taylor thought Jordan's sandwich tasted bad?","In front of Riley, Sam tasted a small bit of the sandwich.

 

If this is how Sam thought Riley's soup tasted,

 



 

Do you think Sam thought Riley's soup tasted bad?","In front of Robin, Avery tasted a small bit of the pasta.

 

If this is how Avery thought Robin's pasta tasted,





 

Do you think Avery thought Robin's pasta tasted bad?","In front of Casey, Alex tasted a small bit of the salad.

 

If this is how Alex thought Casey's salad tasted,

 



 
​​​​​​Do you think below is how Alex felt about Casey's salad?","In front of Jordan, Taylor tasted a small bit of the sandwich.

 

If this is how Taylor thought Jordan's sandwich tasted,

 



 

Do you think below is how Taylor felt about Jordan's sandwich?","In front of Riley, Sam tasted a small bit of the sandwich.

 

If this is how Sam thought Riley's soup tasted,





 

Do you think below is how Sam felt about Riley's soup?","In front of Robin, Avery tasted a small bit of the pasta.

 

If this is how Avery thought Robin's pasta tasted,





 

Do you think below is how Avery felt about Robin's pasta?","In front of Casey, Alex tasted a small bit of the salad.

 

If this is how Alex thought Casey's salad tasted,

 



 
​​​​​​Do you think below is how Alex felt about Casey's salad?","In front of Jordan, Taylor tasted a small bit of the sandwich.

 

If this is how Taylor thought Jordan's sandwich tasted,

 



 

Do you think below is how Taylor felt about Jordan's sandwich?","In front of Riley, Sam tasted a small bit of the sandwich.

 

If this is how Sam thought Riley's soup tasted,





 

Do you think below is how Sam felt about Riley's soup?","In front of Robin, Avery tasted a small bit of the pasta.

 

If this is how Avery thought Robin's pasta tasted,





 

Do you think below is how Avery felt about Robin's pasta?","In front of Casey, Alex tasted a small bit of the salad.

 

If this is how Alex thought Casey's salad tasted,

 



 
​​​​​​Do you think below is how Alex felt about Casey's salad?","In front of Jordan, Taylor tasted a small bit of the sandwich.

 

If this is how Taylor thought Jordan's sandwich tasted,

 



 

Do you think below is how Taylor felt about Jordan's sandwich?","In front of Riley, Sam tasted a small bit of the sandwich.

 

If this is how Sam thought Riley's soup tasted,





 

Do you think below is how Sam felt about Riley's soup?","In front of Robin, Avery tasted a small bit of the pasta.

 

If this is how Avery thought Robin's pasta tasted,





 

Do you think below is how Avery felt about Robin's pasta?","In front of Casey, Alex tasted a small bit of the salad.

 

If this is how Alex thought Casey's salad tasted,

 



 
​​​​​​Do you think below is how Alex felt about Casey's salad?","In front of Jordan, Taylor tasted a small bit of the sandwich.

 

If this is how Taylor thought Jordan's sandwich tasted,

 



 

Do you think below is how Taylor felt about Jordan's sandwich?","In front of Riley, Sam tasted a small bit of the sandwich.

 

If this is how Sam thought Riley's soup tasted,





 

Do you think below is how Sam felt about Riley's soup?","In front of Robin, Avery tasted a small bit of the pasta.

 

If this is how Avery thought Robin's pasta tasted,





 

Do you think below is how Avery felt about Robin's pasta?","In front of Casey, Alex tasted a small bit of the salad.

 

If this is how Alex thought Casey's salad tasted,

 



 
​​​​​​Do you think below is how Alex felt about Casey's salad?","In front of Jordan, Taylor tasted a small bit of the sandwich.

 

If this is how Taylor thought Jordan's sandwich tasted,

 



 

Do you think below is how Taylor felt about Jordan's sandwich?","In front of Riley, Sam tasted a small bit of the sandwich.

 

If this is how Sam thought Riley's soup tasted,





 

Do you think below is how Sam felt about Riley's soup?","In front of Robin, Avery tasted a small bit of the pasta.

 

If this is how Avery thought Robin's pasta tasted,





 

Do you think below is how Avery felt about Robin's pasta?","In front of Casey, Alex tasted a small bit of the salad.

 

If this is how Alex thought Casey's salad tasted,

 



 
​​​​​​Do you think below is how Alex felt about Casey's salad?","In front of Jordan, Taylor tasted a small bit of the sandwich.

 

If this is how Taylor thought Jordan's sandwich tasted,

 



 

Do you think below is how Taylor felt about Jordan's sandwich?","In front of Riley, Sam tasted a small bit of the sandwich.

 

If this is how Sam thought Riley's soup tasted,





 

Do you think below is how Sam felt about Riley's soup?","In front of Robin, Avery tasted a small bit of the pasta.

 

If this is how Avery thought Robin's pasta tasted,





 

Do you think below is how Avery felt about Robin's pasta?","In front of Casey, Alex tasted a small bit of the salad.

 

If this is how Alex thought Casey's salad tasted,

 



 
​​​​​​Do you think below is how Alex felt about Casey's salad?","In front of Jordan, Taylor tasted a small bit of the sandwich.

 

If this is how Taylor thought Jordan's sandwich tasted,

 



 

Do you think below is how Taylor felt about Jordan's sandwich?","In front of Riley, Sam tasted a small bit of the sandwich.

 

If this is how Sam thought Riley's soup tasted,





 

Do you think below is how Sam felt about Riley's soup?","In front of Robin, Avery tasted a small bit of the pasta.

 

If this is how Avery thought Robin's pasta tasted,





 

Do you think below is how Avery felt about Robin's pasta?","In front of Casey, Alex tasted a small bit of the salad.

 

If this is how Alex thought Casey's salad tasted,

 



 
​​​​​​Do you think below is how Alex felt about Casey's salad?","In front of Jordan, Taylor tasted a small bit of the sandwich.

 

If this is how Taylor thought Jordan's sandwich tasted,

 



 

Do you think below is how Taylor felt about Jordan's sandwich?","In front of Riley, Sam tasted a small bit of the sandwich.

 

If this is how Sam thought Riley's soup tasted,





 

Do you think below is how Sam felt about Riley's soup?","In front of Robin, Avery tasted a small bit of the pasta.

 

If this is how Avery thought Robin's pasta tasted,





 

Do you think below is how Avery felt about Robin's pasta?","In front of Casey, Alex tasted a small bit of the salad.

 

If this is how Alex thought Casey's salad tasted,

 



 
​​​​​​Do you think below is how Alex felt about Casey's salad?","In front of Jordan, Taylor tasted a small bit of the sandwich.

 

If this is how Taylor thought Jordan's sandwich tasted,

 



 

Do you think below is how Taylor felt about Jordan's sandwich?","In front of Riley, Sam tasted a small bit of the sandwich.

 

If this is how Sam thought Riley's soup tasted,





 

Do you think below is how Sam felt about Riley's soup?","In front of Robin, Avery tasted a small bit of the pasta.

 

If this is how Avery thought Robin's pasta tasted,





 

Do you think below is how Avery felt about Robin's pasta?","In front of Casey, Alex tasted a small bit of the salad.

 

If this is how Alex thought Casey's salad tasted,

 



 
​​​​​​Do you think below is how Alex felt about Casey's salad?","In front of Jordan, Taylor tasted a small bit of the sandwich.

 

If this is how Taylor thought Jordan's sandwich tasted,

 



 

Do you think below is how Taylor felt about Jordan's sandwich?","In front of Riley, Sam tasted a small bit of the sandwich.

 

If this is how Sam thought Riley's soup tasted,





 

Do you think below is how Sam felt about Riley's soup?","In front of Robin, Avery tasted a small bit of the pasta.

 

If this is how Avery thought Robin's pasta tasted,





 

Do you think below is how Avery felt about Robin's pasta?","In front of Casey, Alex tasted a small bit of the salad.

 

If this is how Alex thought Casey's salad tasted,

 



 
​​​​​​Do you think below is how Alex felt about Casey's salad?","In front of Jordan, Taylor tasted a small bit of the sandwich.

 

If this is how Taylor thought Jordan's sandwich tasted,

 



 

Do you think below is how Taylor felt about Jordan's sandwich?","In front of Riley, Sam tasted a small bit of the sandwich.

 

If this is how Sam thought Riley's soup tasted,





 

Do you think below is how Sam felt about Riley's soup?","In front of Robin, Avery tasted a small bit of the pasta.

 

If this is how Avery thought Robin's pasta tasted,





 

Do you think below is how Avery felt about Robin's pasta?","In front of Casey, Alex tasted a small bit of the salad.

 

If this is how Alex thought Casey's salad tasted,

 



 
​​​​​​Do you think below is how Alex felt about Casey's salad?","In front of Jordan, Taylor tasted a small bit of the sandwich.

 

If this is how Taylor thought Jordan's sandwich tasted,

 



 

Do you think below is how Taylor felt about Jordan's sandwich?","In front of Riley, Sam tasted a small bit of the sandwich.

 

If this is how Sam thought Riley's soup tasted,





 

Do you think below is how Sam felt about Riley's soup?","In front of Robin, Avery tasted a small bit of the pasta.

 

If this is how Avery thought Robin's pasta tasted,





 

Do you think below is how Avery felt about Robin's pasta?","Just to check, the letters ""S"" are forming what letter in the image below?","Just to check, the letters ""U"" are forming what letter in the image below?","Just to check, the letters ""L"" are forming what letter in the image below?","Just to check, the letters ""O"" are forming what letter in the image below?",Age:,Gender:,Race:,Native language:,"Do you have anything to let us know? (For example, was there any question that's unclear to you? Did you have any difficulty completing the survey? )",Good1,Good2,Good3,Good4,Good5,Good6,Bad1,Bad2,Bad3,Bad4,Bad5,Bad6,Pos1,Pos2,Pos3,Pos4,Pos5,Pos6,Neg1,Neg2,Neg3,Neg4,Neg5,Neg6,AF,WM,BF,LM,Create New Field or Choose From Dropdown...
"{""ImportId"":""startDate"",""timeZone"":""America/Denver""}","{""ImportId"":""endDate"",""timeZone"":""America/Denver""}","{""ImportId"":""status""}","{""ImportId"":""ipAddress""}","{""ImportId"":""progress""}","{""ImportId"":""duration""}","{""ImportId"":""finished""}","{""ImportId"":""recordedDate"",""timeZone"":""America/Denver""}","{""ImportId"":""_recordId""}","{""ImportId"":""recipientLastName""}","{""ImportId"":""recipientFirstName""}","{""ImportId"":""recipientEmail""}","{""ImportId"":""externalDataReference""}","{""ImportId"":""locationLatitude""}","{""ImportId"":""locationLongitude""}","{""ImportId"":""distributionChannel""}","{""ImportId"":""userLanguage""}","{""ImportId"":""QID676""}","{""ImportId"":""QID679_TEXT""}","{""ImportId"":""QID364""}","{""ImportId"":""QID449""}","{""ImportId"":""QID521""}","{""ImportId"":""QID593""}","{""ImportId"":""QID379""}","{""ImportId"":""QID452""}","{""ImportId"":""QID524""}","{""ImportId"":""QID596""}","{""ImportId"":""QID383""}","{""ImportId"":""QID455""}","{""ImportId"":""QID527""}","{""ImportId"":""QID599""}","{""ImportId"":""QID386""}","{""ImportId"":""QID458""}","{""ImportId"":""QID530""}","{""ImportId"":""QID602""}","{""ImportId"":""QID389""}","{""ImportId"":""QID461""}","{""ImportId"":""QID533""}","{""ImportId"":""QID605""}","{""ImportId"":""QID392""}","{""ImportId"":""QID464""}","{""ImportId"":""QID536""}","{""ImportId"":""QID608""}","{""ImportId"":""QID395""}","{""ImportId"":""QID467""}","{""ImportId"":""QID539""}","{""ImportId"":""QID611""}","{""ImportId"":""QID398""}","{""ImportId"":""QID470""}","{""ImportId"":""QID542""}","{""ImportId"":""QID614""}","{""ImportId"":""QID401""}","{""ImportId"":""QID473""}","{""ImportId"":""QID545""}","{""ImportId"":""QID617""}","{""ImportId"":""QID404""}","{""ImportId"":""QID476""}","{""ImportId"":""QID548""}","{""ImportId"":""QID620""}","{""ImportId"":""QID407""}","{""ImportId"":""QID479""}","{""ImportId"":""QID551""}","{""ImportId"":""QID623""}","{""ImportId"":""QID410""}","{""ImportId"":""QID482""}","{""ImportId"":""QID554""}","{""ImportId"":""QID626""}","{""ImportId"":""QID413""}","{""ImportId"":""QID485""}","{""ImportId"":""QID557""}","{""ImportId"":""QID629""}","{""ImportId"":""QID416""}","{""ImportId"":""QID488""}","{""ImportId"":""QID560""}","{""ImportId"":""QID632""}","{""ImportId"":""QID419""}","{""ImportId"":""QID491""}","{""ImportId"":""QID563""}","{""ImportId"":""QID635""}","{""ImportId"":""QID422""}","{""ImportId"":""QID494""}","{""ImportId"":""QID566""}","{""ImportId"":""QID638""}","{""ImportId"":""QID425""}","{""ImportId"":""QID497""}","{""ImportId"":""QID569""}","{""ImportId"":""QID641""}","{""ImportId"":""QID428""}","{""ImportId"":""QID500""}","{""ImportId"":""QID572""}","{""ImportId"":""QID644""}","{""ImportId"":""QID431""}","{""ImportId"":""QID503""}","{""ImportId"":""QID575""}","{""ImportId"":""QID647""}","{""ImportId"":""QID434""}","{""ImportId"":""QID506""}","{""ImportId"":""QID578""}","{""ImportId"":""QID650""}","{""ImportId"":""QID437""}","{""ImportId"":""QID509""}","{""ImportId"":""QID581""}","{""ImportId"":""QID653""}","{""ImportId"":""QID440""}","{""ImportId"":""QID512""}","{""ImportId"":""QID584""}","{""ImportId"":""QID656""}","{""ImportId"":""QID443""}","{""ImportId"":""QID515""}","{""ImportId"":""QID587""}","{""ImportId"":""QID659""}","{""ImportId"":""QID446""}","{""ImportId"":""QID518""}","{""ImportId"":""QID590""}","{""ImportId"":""QID662""}","{""ImportId"":""QID663_TEXT""}","{""ImportId"":""QID665_TEXT""}","{""ImportId"":""QID666_TEXT""}","{""ImportId"":""QID667_TEXT""}","{""ImportId"":""QID670_TEXT""}","{""ImportId"":""QID671""}","{""ImportId"":""QID672""}","{""ImportId"":""QID673_TEXT""}","{""ImportId"":""QID674_TEXT""}","{""ImportId"":""Good1""}","{""ImportId"":""Good2""}","{""ImportId"":""Good3""}","{""ImportId"":""Good4""}","{""ImportId"":""Good5""}","{""ImportId"":""Good6""}","{""ImportId"":""Bad1""}","{""ImportId"":""Bad2""}","{""ImportId"":""Bad3""}","{""ImportId"":""Bad4""}","{""ImportId"":""Bad5""}","{""ImportId"":""Bad6""}","{""ImportId"":""Pos1""}","{""ImportId"":""Pos2""}","{""ImportId"":""Pos3""}","{""ImportId"":""Pos4""}","{""ImportId"":""Pos5""}","{""ImportId"":""Pos6""}","{""ImportId"":""Neg1""}","{""ImportId"":""Neg2""}","{""ImportId"":""Neg3""}","{""ImportId"":""Neg4""}","{""ImportId"":""Neg5""}","{""ImportId"":""Neg6""}","{""ImportId"":""AF""}","{""ImportId"":""WM""}","{""ImportId"":""BF""}","{""ImportId"":""LM""}","{""ImportId"":""Create New Field or Choose From Dropdown...""}"
2020-12-17 23:22:39,2020-12-17 23:23:02,Survey Preview,,100,22,True,2020-12-17 23:23:03,R_2vib485DU3iatHa,,,,,39.3029937744140625,-76.606201171875,preview,EN,,,,,,,,,,,,,,,,,,,,,,,,,,,,,,,,,,,,,,,,,,,,,,,,,,,,,,,,,,,,,,,,,,,,,,,,,,,,,,,,,,,,,,,,,,,,,,,,,,,,,,,,,,,,0,0,0,0,0,0,0,0,0,0,0,0,0,0,0,0,0,0,0,0,0,0,0,0,0,0,0,0,
2020-12-18 10:37:25,2020-12-18 10:44:39,IP Address,71.204.171.245,100,434,True,2020-12-18 10:44:39,R_29560zLfei4Hafb,,,,,37.39739990234375,-122.00099945068359375,anonymous,EN,,,,No,,,,,No,,,No,,,,,Yes,,,,,Yes,Yes,,,,,Yes,,,,,Yes,,,,Yes,,No,,,,No,,,,No,,,,,,,No,No,,,,,No,,,,,,Yes,,,Yes,,,,,Yes,,Yes,,,,Yes,,,Yes,,,,,,,No,,,No,,,,,No,H,L,O,U,,,,,,1,1,1,1,1,1,1,1,1,1,1,1,1,1,1,1,1,1,1,1,1,1,1,1,6,6,6,6,
2020-12-21 18:01:52,2020-12-21 18:04:28,Survey Preview,,100,155,True,2020-12-21 18:04:30,R_AhxcsZsa0NSuz6x,,,,,37.39739990234375,-122.00099945068359375,preview,EN,I have read the consent statement and I agree to participate in the study.,a,,No,,,,No,,,Yes,,,,,,,Yes,,No,,,,No,,,,Yes,,,No,,,,,,No,,Yes,,,,,,No,,,,,Yes,,,,Yes,Yes,,,,,,,Yes,,,Yes,,,,Yes,,No,,,,,Yes,,,,,,Yes,,,Yes,,,,Yes,,,,,No,No,,,,H,L,O,U,asdf,Male,Asian,a,s,1,1,1,1,1,1,1,1,1,1,1,1,1,1,1,1,1,1,1,1,1,1,1,1,6,6,6,6,
2020-12-21 17:50:14,2020-12-21 18:33:13,IP Address,71.204.171.245,100,2579,True,2020-12-21 18:33:14,R_86TgqnpXgcm7Mv7,,,,,37.39739990234375,-122.00099945068359375,anonymous,EN,I have read the consent statement and I agree to participate in the study.,a,,Yes,,,,,Yes,,,Yes,,,,,,No,,No,,,,,No,,Yes,,,,,No,,,,,,No,,,No,,,,,Yes,,,Yes,,,,,No,,,,No,,,No,,,,,No,,No,,,Yes,,,,No,,,,No,,,,,Yes,,,No,,,,,,Yes,,No,,,,H,L,O,U,23,Male,American Indian or Alaska Native,2,,1,1,1,1,1,1,1,1,1,1,1,1,1,1,1,1,1,1,1,1,1,1,1,1,6,6,6,6,
2020-12-21 18:50:59,2020-12-21 19:00:01,IP Address,172.58.139.161,100,541,True,2020-12-21 19:00:01,R_z8U7NtWgSrJOYxz,,,,,41.848297119140625,-87.651702880859375,anonymous,EN,I have read the consent statement and I agree to participate in the study.,5fe0e7892738afa6a21cfd7c,,,,No,,,No,,,,No,,Yes,,,,Yes,,,,,,Yes,,,,Yes,,Yes,,,,,,,Yes,,No,,,,,,No,,,No,,No,,,,,No,,,,No,,,Yes,,,,,,,Yes,,,,Yes,,,Yes,,Yes,,,,,Yes,,,,No,,,,,,No,,No,,,H,L,O,U,20,Female,White,english,nope,1,1,1,1,1,1,1,1,1,1,1,1,1,1,1,1,1,1,1,1,1,1,1,1,6,6,6,6,
2020-12-21 18:56:40,2020-12-21 19:03:25,IP Address,67.83.159.176,100,405,True,2020-12-21 19:03:26,R_ROc9V2M57nLVGKt,,,,,41.06170654296875,-74.00830078125,anonymous,EN,I have read the consent statement and I agree to participate in the study.,5c9c3ae2d40ce20014233de6,,,No,,No,,,,,No,,,,,,Yes,,,Yes,,,,Yes,,,Yes,,,Yes,,,,No,,,,Yes,,,,,,,No,No,,,,No,,,,,,,No,,No,,,,Yes,,,,,Yes,,,,Yes,,,,,Yes,,Yes,,,,,,No,,,No,,,,,No,,No,,,H,L,O,U,32,Female,White,English,,1,1,1,1,1,1,1,1,1,1,1,1,1,1,1,1,1,1,1,1,1,1,1,1,6,6,6,6,
2020-12-21 18:34:31,2020-12-22 11:24:51,IP Address,71.204.171.245,100,60620,True,2020-12-22 11:24:54,R_1Nk9KK2UiDFMa1J,,,,,37.39739990234375,-122.00099945068359375,anonymous,EN,I have read the consent statement and I agree to participate in the study.,z,,,Yes,,No,,,,,,Yes,,No,,,,No,,,,,,No,,,,No,,,,,No,,,No,,,Yes,,,Yes,,,,,,,No,,,,No,,,No,,,No,,,,,,No,,,,No,,Yes,,,,Yes,,,,No,,,No,,,,No,,,,,,,No,,No,,,H,s,w,w,s,Male,American Indian or Alaska Native,s,s,1,1,1,1,1,1,1,1,1,1,1,1,1,1,1,1,1,1,1,1,1,1,1,1,6,6,6,6,
2020-12-22 11:46:27,2020-12-22 11:52:52,IP Address,50.81.213.192,100,385,True,2020-12-22 11:52:53,R_UuRkMc1ZPGJT8pH,,,,,41.8527984619140625,-90.20709991455078125,anonymous,EN,I have read the consent statement and I agree to participate in the study.,5f1fc57dae86001f4dff12ee,No,,,,,,,No,,,No,,,,,Yes,,,,Yes,,Yes,,,,,Yes,,,,Yes,,,,Yes,,,Yes,,,,No,,,No,,,,,No,,,,,No,,,,,No,Yes,,,,Yes,,,,,,,Yes,Yes,,,,,Yes,,,,,,No,,No,,,No,,,,,,No,,H,L,O,U,32,Female,White,English,,1,1,1,1,1,1,1,1,1,1,1,1,1,1,1,1,1,1,1,1,1,1,1,1,6,6,6,6,
2020-12-22 11:52:58,2020-12-22 11:57:27,IP Address,172.58.3.153,100,268,True,2020-12-22 11:57:27,R_DnSJoCvNGd9EdiN,,,,,33.7837982177734375,-84.44550323486328125,anonymous,EN,I have read the consent statement and I agree to participate in the study.,5fa9c1c49b4bed247ef6df3c,,,No,,No,,,,,Yes,,,,Yes,,,,,Yes,,Yes,,,,,,,Yes,,,No,,No,,,,,,,No,,No,,,,,No,,,Yes,,,,No,,,Yes,,,,,,,Yes,Yes,,,,,Yes,,,Yes,,,,,,,Yes,,,No,,,,,No,,,No,,,,,No,H,L,O,U,21,Male,Asian,"English ",,1,1,1,1,1,1,1,1,1,1,1,1,1,1,1,1,1,1,1,1,1,1,1,1,6,6,6,6,
2020-12-22 11:52:17,2020-12-22 11:57:59,IP Address,24.32.45.87,100,341,True,2020-12-22 11:57:59,R_OOjF0Tksu6PYLzH,,,,,32.9474945068359375,-96.44069671630859375,anonymous,EN,I have read the consent statement and I agree to participate in the study.,5c8d6017c6e10f0001b1417d,No,,,,,,No,,,,,No,,,Yes,,,Yes,,,,,,Yes,,Yes,,,,Yes,,,,,Yes,,,,,No,No,,,,,No,,,No,,,,,,No,,,,,Yes,Yes,,,,Yes,,,,,Yes,,,No,,,,,,,Yes,,Yes,,,,,No,,,,No,,,,,No,H,L,O,U,19,Male,Asian,English,,1,1,1,1,1,1,1,1,1,1,1,1,1,1,1,1,1,1,1,1,1,1,1,1,6,6,6,6,
2020-12-22 11:55:53,2020-12-22 11:59:35,IP Address,73.92.107.88,100,221,True,2020-12-22 11:59:36,R_Y3r6qH0IC78uzYJ,,,,,37.84869384765625,-122.2209014892578125,anonymous,EN,I have read the consent statement and I agree to participate in the study.,5e7d3049b3c99b0e2ab2c1de,,No,,,,No,,,No,,,,,Yes,,,,,,Yes,,,Yes,,Yes,,,,,,No,,Yes,,,,No,,,,,,,No,,,,No,,,No,,,,,No,,,Yes,,,,Yes,,,Yes,,,,Yes,,,,,,Yes,No,,,,Yes,,,,,,,No,,,No,,,No,,,H,L,O,U,20,Male,Asian,English,,1,1,1,1,1,1,1,1,1,1,1,1,1,1,1,1,1,1,1,1,1,1,1,1,6,6,6,6,
2020-12-22 11:57:43,2020-12-22 12:02:39,IP Address,107.77.207.58,100,296,True,2020-12-22 12:02:41,R_2s7Pw6PldFWTKQF,,,,,41.902496337890625,-87.67259979248046875,anonymous,EN,I have read the consent statement and I agree to participate in the study.,5ceff2032de4e90015c822c4,No,,,,,,,No,,,,No,Yes,,,,,,,Yes,,Yes,,,Yes,,,,,,Yes,,,,No,,,,No,,,No,,,,,,No,,No,,,,,,No,,,No,,,Yes,,,,Yes,,,,,Yes,,,,Yes,,,Yes,,,No,,,,,,,No,No,,,,No,,,,H,L,O,U,41,Male,White,English,nothing unclear,1,1,1,1,1,1,1,1,1,1,1,1,1,1,1,1,1,1,1,1,1,1,1,1,6,6,6,6,
2020-12-22 11:59:44,2020-12-22 12:03:50,IP Address,67.241.175.228,100,246,True,2020-12-22 12:03:51,R_2e9CJFRzSvdLvyQ,,,,,42.9102020263671875,-78.66249847412109375,anonymous,EN,I have read the consent statement and I agree to participate in the study.,5dcf4d27b039ab08c04d2740,,,,No,No,,,,,,,No,,,Yes,,,,Yes,,,,,Yes,,,Yes,,Yes,,,,,No,,,,,No,,No,,,,No,,,,,No,,,,,No,,Yes,,,,,,,Yes,,,,Yes,,Yes,,,,Yes,,,,Yes,,,No,,,,,,,No,,No,,,,,No,,H,L,O,U,20,Female,"Asian,White",english,"no, however for the Soup questions there was a typo where it said sandwich instead of soup",1,1,1,1,1,1,1,1,1,1,1,1,1,1,1,1,1,1,1,1,1,1,1,1,6,6,6,6,
2020-12-22 11:57:40,2020-12-22 12:04:55,IP Address,67.10.68.175,100,435,True,2020-12-22 12:04:56,R_2wtr6kRJq1xTHoR,,,,,33.039093017578125,-97.0764007568359375,anonymous,EN,I have read the consent statement and I agree to participate in the study.,5fe1ae5c18b76bc51cb4af8a,,,,Yes,,,,Yes,,Yes,,,,Yes,,,,,,Yes,Yes,,,,,Yes,,,,,,No,,No,,,,,,Yes,,,Yes,,Yes,,,,,Yes,,,,,Yes,,Yes,,,,Yes,,,,No,,,,Yes,,,,,,,No,,,No,,,Yes,,,,,No,,,,No,,,,No,,H,L,O,U,48,Female,White,Einglish,good,1,1,1,1,1,1,1,1,1,1,1,1,1,1,1,1,1,1,1,1,1,1,1,1,6,6,6,6,
2020-12-22 12:02:43,2020-12-22 12:06:39,IP Address,67.129.0.104,100,235,True,2020-12-22 12:06:39,R_DbYK1DVfLxMiMFP,,,,,40.9947967529296875,-87.10369873046875,anonymous,EN,I have read the consent statement and I agree to participate in the study.,5c26b50d1fc74500017cc346,,,,No,,No,,,,,,Yes,,Yes,,,Yes,,,,,,,Yes,Yes,,,,,,,Yes,,,,No,,,,No,No,,,,,,No,,,,No,,No,,,,,No,,,,Yes,,,,,Yes,,,,Yes,,,,Yes,,,,Yes,,No,,,,,No,,,,No,,,No,,,,H,L,O,U,38,Female,White,English,No,1,1,1,1,1,1,1,1,1,1,1,1,1,1,1,1,1,1,1,1,1,1,1,1,6,6,6,6,
2020-12-22 12:05:53,2020-12-22 12:10:03,IP Address,76.92.93.175,100,249,True,2020-12-22 12:10:04,R_8xpdbmiHNaiWBoZ,,,,,32.7808074951171875,-115.5626983642578125,anonymous,EN,I have read the consent statement and I agree to participate in the study.,5e04a5e4500f06f0a31d3123,,No,,,,No,,,,,No,,Yes,,,,Yes,,,,Yes,,,,Yes,,,,,,,Yes,,,,Yes,No,,,,,,No,,,No,,,,No,,,,,No,,,,,No,Yes,,,,,,Yes,,,,Yes,,,,,Yes,,,Yes,,,,,Yes,,No,,,,No,,,,,,No,H,L,O,U,23,Female,Asian,English,,1,1,1,1,1,1,1,1,1,1,1,1,1,1,1,1,1,1,1,1,1,1,1,1,6,6,6,6,
2020-12-22 12:05:52,2020-12-22 12:10:49,IP Address,67.149.64.149,100,297,True,2020-12-22 12:10:50,R_2PoGgBHLlNePWqf,,,,,40.0233001708984375,-83.08589935302734375,anonymous,EN,I have read the consent statement and I agree to participate in the study.,5fddf8ade7417a4f3326342a,,,No,,,,,No,,,No,,Yes,,,,,,Yes,,,Yes,,,,Yes,,,,,Yes,,,,Yes,,,,,No,,No,,,,,No,,,,,No,No,,,,,No,,,,,,Yes,,Yes,,,,Yes,,,Yes,,,,Yes,,,,,,,No,No,,,,,,,No,No,,,,H,L,O,U,39,Prefer not to respond,White,English,,1,1,1,1,1,1,1,1,1,1,1,1,1,1,1,1,1,1,1,1,1,1,1,1,6,6,6,6,
2020-12-22 12:05:27,2020-12-22 12:12:08,IP Address,74.79.134.27,100,400,True,2020-12-22 12:12:09,R_ABa7431IMi3s1Tb,,,,,42.9716033935546875,-76.22299957275390625,anonymous,EN,I have read the consent statement and I agree to participate in the study.,5fdaaa3344eb292cde2b08a8,No,,,,,,No,,,,,No,Yes,,,,,,,Yes,,,Yes,,Yes,,,,,Yes,,,,,,Yes,,,,No,No,,,,,No,,,,,No,,,No,,,Yes,,,,,Yes,,,,Yes,,,,,,Yes,No,,,,,,Yes,,,,No,,,No,,,,,No,,,,,No,H,L,o,U,18,Female,Black or African American,English,no,1,1,1,1,1,1,1,1,1,1,1,1,1,1,1,1,1,1,1,1,1,1,1,1,6,6,6,6,
2020-12-22 12:11:10,2020-12-22 12:15:31,IP Address,67.175.145.202,100,261,True,2020-12-22 12:15:32,R_1jTCKaZj0mzn6xT,,,,,42.05810546875,-86.48079681396484375,anonymous,EN,I have read the consent statement and I agree to participate in the study.,5e916cb9e502b1498e8fc059,,,,No,,No,,,No,,,,,No,,,,Yes,,,,,,Yes,,,,Yes,,,Yes,,No,,,,,,No,,,,No,,,No,,,,,No,,,,,No,,,,No,,Yes,,,,,Yes,,,,,Yes,,,Yes,,,Yes,,,Yes,,,,No,,,,No,,,,No,,,,H,L,O,U,56,Male,White,English,,1,1,1,1,1,1,1,1,1,1,1,1,1,1,1,1,1,1,1,1,1,1,1,1,6,6,6,6,
2020-12-22 12:08:20,2020-12-22 12:16:17,IP Address,12.246.109.134,100,476,True,2020-12-22 12:16:18,R_2wHOdg7Ck0BZyCn,,,,,32.3390045166015625,-97.41629791259765625,anonymous,EN,I have read the consent statement and I agree to participate in the study.,5dd6ca9a45fb05658d7a8443,No,,,,,,No,,No,,,,,,Yes,,,,Yes,,,Yes,,,,Yes,,,,,Yes,,,,,No,,,,Yes,No,,,,,,,No,,,No,,,No,,,,,No,,No,,,,,Yes,,,,,,Yes,,Yes,,,,,,Yes,Yes,,,,,,,No,No,,,,,No,,,H,L,O,U,40,Female,White,"English ",No,1,1,1,1,1,1,1,1,1,1,1,1,1,1,1,1,1,1,1,1,1,1,1,1,6,6,6,6,
2020-12-22 11:57:33,2020-12-22 12:17:18,IP Address,68.197.211.19,100,1184,True,2020-12-22 12:17:18,R_3IWW9odQfoMG5qg,,,,,40.862701416015625,-73.635101318359375,anonymous,EN,I have read the consent statement and I agree to participate in the study.,5cead73185712e00190bcf17,,,,No,No,,,,,,,No,,Yes,,,Yes,,,,,,,Yes,,,,Yes,,Yes,,,,Yes,,,,,No,,,,No,,No,,,,,No,,,No,,,,,,No,,,,Yes,,Yes,,,,,,,Yes,,,,Yes,,,No,,,No,,,No,,,,,No,,,,,No,,H,L,O,U,38,Prefer not to respond,Prefer not to respond,English,,1,1,1,1,1,1,1,1,1,1,1,1,1,1,1,1,1,1,1,1,1,1,1,1,6,6,6,6,
2020-12-22 12:11:29,2020-12-22 12:17:48,IP Address,107.77.165.49,100,378,True,2020-12-22 12:17:50,R_3MGsYz7kBfnppDQ,,,,,33.4532012939453125,-112.074798583984375,anonymous,EN,I have read the consent statement and I agree to participate in the study.,5f1275800e769c1da9afd1b3,,,No,,,No,,,,,,Yes,,,,Yes,,,Yes,,Yes,,,,,,Yes,,Yes,,,,No,,,,No,,,,,No,,,No,,,,No,,,,,No,,,,,,No,,,,Yes,,,,Yes,,,Yes,,,Yes,,,,Yes,,,,,,No,,,No,,,No,,,,,No,,H,L,O,U,19,Female,Hispanic or Latino,Spanish,,1,1,1,1,1,1,1,1,1,1,1,1,1,1,1,1,1,1,1,1,1,1,1,1,6,6,6,6,
2020-12-22 12:13:26,2020-12-22 12:17:53,IP Address,74.83.192.144,100,267,True,2020-12-22 12:17:54,R_qwlh5SCSAtED52V,,,,,39.2606964111328125,-84.411102294921875,anonymous,EN,I have read the consent statement and I agree to participate in the study.,5a6570bd31b87a0001c700dd,,,No,,,,,No,,,No,,,Yes,,,Yes,,,,,,,Yes,,,,Yes,,Yes,,,Yes,,,,,No,,,,,,No,,,,No,,,No,,No,,,,,,No,,,,Yes,,,,,Yes,Yes,,,,,Yes,,,Yes,,,,,Yes,,,,,No,,No,,,,,No,,,H,L,O,U,24,Female,"Hispanic or Latino,White",English,,1,1,1,1,1,1,1,1,1,1,1,1,1,1,1,1,1,1,1,1,1,1,1,1,6,6,6,6,
2020-12-22 12:07:08,2020-12-22 12:19:03,IP Address,205.143.5.103,100,715,True,2020-12-22 12:19:04,R_BQZiqednSM61HyN,,,,,27.2606048583984375,-80.4770965576171875,anonymous,EN,I have read the consent statement and I agree to participate in the study.,5e78c2b6e804b644390c0289,,No,,,,,No,,,No,,,Yes,,,,,Yes,,,,Yes,,,,,Yes,,Yes,,,,,No,,,,No,,,,,No,,,,,No,,,,No,,,No,,No,,,,,,,No,,,,Yes,,,Yes,,,,,Yes,Yes,,,,No,,,,No,,,,,,,No,,,No,,H,L,O,U,66,Male,Hispanic or Latino,English,,1,1,1,1,1,1,1,1,1,1,1,1,1,1,1,1,1,1,1,1,1,1,1,1,6,6,6,6,
2020-12-22 12:12:37,2020-12-22 12:19:59,IP Address,76.103.198.131,100,442,True,2020-12-22 12:20:00,R_1FCEcxGj2KjDHSG,,,,,37.3072967529296875,-121.8076019287109375,anonymous,EN,I have read the consent statement and I agree to participate in the study.,5eeecbaccecc5919ea94fd7e,,,,No,No,,,,,,No,,,,Yes,,,Yes,,,,,Yes,,,,Yes,,,,,Yes,,,,No,,No,,,,,,No,,No,,,No,,,,No,,,,,Yes,,,,,Yes,,,,Yes,,Yes,,,,,Yes,,,Yes,,,,,,,No,,,,No,No,,,,,No,,,H,L,O,U,44,Male,Asian,Mandarin,,1,1,1,1,1,1,1,1,1,1,1,1,1,1,1,1,1,1,1,1,1,1,1,1,6,6,6,6,
2020-12-22 12:13:20,2020-12-22 12:20:22,IP Address,96.250.220.72,100,421,True,2020-12-22 12:20:22,R_1FPmMUPaamnehZ6,,,,,40.70989990234375,-73.95909881591796875,anonymous,EN,I have read the consent statement and I agree to participate in the study.,5fe23b5e1f2ef9db2ab8e5a0,,No,,,No,,,,No,,,,,,,Yes,,,Yes,,,,,Yes,,,,Yes,Yes,,,,,,No,,,,No,,,No,,,No,,,,,,No,,,No,,,,,,No,,,Yes,,Yes,,,,,Yes,,,,,,Yes,,,Yes,,,No,,,,No,,,,,,No,No,,,,H,L,O,U,29,Male,White,English,N/A,1,1,1,1,1,1,1,1,1,1,1,1,1,1,1,1,1,1,1,1,1,1,1,1,6,6,6,6,
2020-12-22 12:14:47,2020-12-22 12:21:31,IP Address,74.128.113.80,100,404,True,2020-12-22 12:21:32,R_3J28mJIAGOHVseu,,,,,36.6089019775390625,-88.3031005859375,anonymous,EN,I have read the consent statement and I agree to participate in the study.,5fe174cb18b76bc15453a43a,,,No,,,,No,,,,,Yes,,,,Yes,,,Yes,,Yes,,,,,Yes,,,,,,Yes,,No,,,No,,,,,,,No,,,No,,,No,,,,,,No,,Yes,,,Yes,,,,Yes,,,,Yes,,,,,,Yes,,,,,Yes,,,Yes,,No,,,,,No,,,,Yes,,,H,L,O,U,45,Male,White,English,,1,1,1,1,1,1,1,1,1,1,1,1,1,1,1,1,1,1,1,1,1,1,1,1,6,6,6,6,
2020-12-22 12:17:32,2020-12-22 12:21:50,IP Address,73.77.186.37,100,257,True,2020-12-22 12:21:51,R_1nPCx8jhv3KkWbT,,,,,29.57989501953125,-95.60849761962890625,anonymous,EN,I have read the consent statement and I agree to participate in the study.,5fe22b37f8f724566d66654b,,,No,,,,,No,,No,,,,,No,,,,,Yes,,,,Yes,,Yes,,,Yes,,,,Yes,,,,,No,,,No,,,,,,No,,,No,,,,,,No,No,,,,,,Yes,,,,Yes,,,Yes,,,Yes,,,,,,,Yes,,,Yes,,,No,,,,,,No,No,,,,H,L,O,U,26,Female,Asian,Chinese,,1,1,1,1,1,1,1,1,1,1,1,1,1,1,1,1,1,1,1,1,1,1,1,1,6,6,6,6,
2020-12-22 12:18:33,2020-12-22 12:23:49,IP Address,162.229.23.198,100,315,True,2020-12-22 12:23:50,R_3FWZKpmhbIQ7tXF,,,,,37.3267974853515625,-87.49579620361328125,anonymous,EN,I have read the consent statement and I agree to participate in the study.,5ab1a4e4811b2000016facfc,No,,,,,,,No,No,,,,,,Yes,,,Yes,,,Yes,,,,,Yes,,,Yes,,,,,,,No,No,,,,,,,No,,,No,,,,,No,,,No,,,,,No,,Yes,,,Yes,,,,,,Yes,,,,Yes,,,Yes,,,,No,,,,,,No,,No,,,,,No,,H,L,O,U,37,Female,White,English,N/A,1,1,1,1,1,1,1,1,1,1,1,1,1,1,1,1,1,1,1,1,1,1,1,1,6,6,6,6,
2020-12-22 12:20:41,2020-12-22 12:24:34,IP Address,24.128.106.41,100,232,True,2020-12-22 12:24:35,R_29n7MH1d1In9Unf,,,,,40.06219482421875,-105.06529998779296875,anonymous,EN,I have read the consent statement and I agree to participate in the study.,5f120e3037fa27126c2941c5,,No,,,,No,,,,Yes,,,,,Yes,,,,,Yes,,Yes,,,,,Yes,,,,,Yes,,,No,,No,,,,,,,No,,No,,,,,,No,No,,,,Yes,,,,Yes,,,,Yes,,,,Yes,,,,,,Yes,,,,,Yes,,,No,,,,No,,,No,,,,,,No,H,L,o,u,21,Female,Asian,English,"In the question when soup was prepared, it said the person tasted a sandwich not the soup so that was a bit confusing",1,1,1,1,1,1,1,1,1,1,1,1,1,1,1,1,1,1,1,1,1,1,1,1,6,6,6,6,
2020-12-22 12:22:10,2020-12-22 12:25:07,IP Address,75.33.94.114,100,176,True,2020-12-22 12:25:08,R_bEDDhe4x9OmCLJv,,,,,25.7610015869140625,-80.2324981689453125,anonymous,EN,I have read the consent statement and I agree to participate in the study.,589d66ea7cf56d0001f91520,,,,No,,,No,,,,No,,Yes,,,,,,,Yes,,Yes,,,Yes,,,,,Yes,,,,No,,,,,,No,,,,No,No,,,,,,,No,,,No,,No,,,,,Yes,,,Yes,,,,Yes,,,,,,Yes,,,Yes,,,,,Yes,,,No,,,,,No,,,,,No,H,L,O,U,32,Female,Hispanic or Latino,English and Spanish,,1,1,1,1,1,1,1,1,1,1,1,1,1,1,1,1,1,1,1,1,1,1,1,1,6,6,6,6,
2020-12-22 12:20:36,2020-12-22 12:25:32,IP Address,24.10.33.236,100,295,True,2020-12-22 12:25:32,R_27ExFqG8ifR8sb6,,,,,39.806793212890625,-121.86700439453125,anonymous,EN,I have read the consent statement and I agree to participate in the study.,5d3394eb0627450019214cbe,No,,,,,No,,,,No,,,,,,Yes,,,,Yes,,,,Yes,,,Yes,,,Yes,,,,No,,,,,No,,No,,,,No,,,,,,,No,,,,No,,,No,,,Yes,,,,Yes,,,,,Yes,,Yes,,,,Yes,,,,No,,,,,,,No,,,No,,,,No,,H,L,O,U,23,Female,White,English,,1,1,1,1,1,1,1,1,1,1,1,1,1,1,1,1,1,1,1,1,1,1,1,1,6,6,6,6,
2020-12-22 12:22:43,2020-12-22 12:26:09,IP Address,68.229.36.151,100,206,True,2020-12-22 12:26:10,R_udMuNjNJexCfQZj,,,,,36.1432952880859375,-115.20040130615234375,anonymous,EN,I have read the consent statement and I agree to participate in the study.,5a02d158c259f300017652b8,,No,,,No,,,,No,,,,,,,Yes,,,,Yes,,,Yes,,,,Yes,,,Yes,,,,Yes,,,,,,Yes,,No,,,,,No,,,Yes,,,,,,No,No,,,,,No,,,,,Yes,,,,,Yes,Yes,,,,,,Yes,,,,,No,No,,,,,,No,,No,,,,H,L,O,U,23,Female,White,English,,1,1,1,1,1,1,1,1,1,1,1,1,1,1,1,1,1,1,1,1,1,1,1,1,6,6,6,6,
2020-12-22 12:24:17,2020-12-22 12:28:41,IP Address,75.115.61.194,100,263,True,2020-12-22 12:28:41,R_3qL0oh8pDSJDZ5q,,,,,28.2364959716796875,-82.3289031982421875,anonymous,EN,I have read the consent statement and I agree to participate in the study.,5f9059133f88010e329dc628,No,,,,,No,,,,,,No,,Yes,,,,,,Yes,,,,Yes,,,,Yes,,,Yes,,,,No,,,,Yes,,,,No,,,,,No,No,,,,,No,,,,No,,,,,Yes,,,Yes,,,Yes,,,,,Yes,,,,,Yes,,,,,No,No,,,,No,,,,No,,,,H,L,O,U,43,Male,White,English,NA,1,1,1,1,1,1,1,1,1,1,1,1,1,1,1,1,1,1,1,1,1,1,1,1,6,6,6,6,
2020-12-22 12:25:44,2020-12-22 12:29:50,IP Address,174.198.15.109,100,245,True,2020-12-22 12:29:51,R_32JZOs4avyZzJ8t,,,,,40.0558013916015625,-75.077301025390625,anonymous,EN,I have read the consent statement and I agree to participate in the study.,5bf07a9ad81d550001487342,No,,,,,,,No,,No,,,,Yes,,,Yes,,,,Yes,,,,,Yes,,,,,,Yes,,,Yes,,,,,No,,No,,,,,No,,,,,No,,No,,,Yes,,,,,,,Yes,,,Yes,,Yes,,,,,,Yes,,,,Yes,,,,No,,,,,No,No,,,,,No,,,H,L,O,U,32,Male,White,English,,1,1,1,1,1,1,1,1,1,1,1,1,1,1,1,1,1,1,1,1,1,1,1,1,6,6,6,6,
2020-12-22 12:25:44,2020-12-22 12:29:51,IP Address,98.115.70.204,100,246,True,2020-12-22 12:29:51,R_3lMO8pW4ofQnX6X,,,,,40.089996337890625,-75.0363006591796875,anonymous,EN,I have read the consent statement and I agree to participate in the study.,5f9c72c835e32511de93d39c,,,,No,,,,No,No,,,,,,Yes,,,Yes,,,,,Yes,,,,,Yes,Yes,,,,Yes,,,,No,,,,,,,No,,No,,,,,No,,,No,,,,,,No,,,Yes,,Yes,,,,,,Yes,,,Yes,,,,Yes,,,Yes,,,,,,No,,,No,,,,,,No,H,L,O,U,20,Female,Hispanic or Latino,English,,1,1,1,1,1,1,1,1,1,1,1,1,1,1,1,1,1,1,1,1,1,1,1,1,6,6,6,6,
2020-12-22 12:22:27,2020-12-22 12:30:00,IP Address,24.119.190.49,100,452,True,2020-12-22 12:30:00,R_1CBduRKuEpTWePW,,,,,42.4718017578125,-96.35489654541015625,anonymous,EN,I have read the consent statement and I agree to participate in the study.,5ee412e964443c1071e75ce7,,No,,,,,No,,,,,No,,Yes,,,Yes,,,,Yes,,,,,Yes,,,,,,Yes,No,,,,,No,,,No,,,,,,No,,No,,,,,,No,,,,No,,,Yes,,,,,,Yes,,No,,,,,Yes,,,,Yes,,,,,No,,,,No,No,,,,,,,No,H,L,O,U,18,Male,White,English,"Sometimes, multiple foods were referenced in the same question. ",1,1,1,1,1,1,1,1,1,1,1,1,1,1,1,1,1,1,1,1,1,1,1,1,6,6,6,6,
2020-12-22 12:25:51,2020-12-22 12:30:32,IP Address,76.21.126.30,100,280,True,2020-12-22 12:30:33,R_r0DRA3RxKSNY5J7,,,,,37.25390625,-122.0637969970703125,anonymous,EN,I have read the consent statement and I agree to participate in the study.,5fe1b5046395d9c5415298c6,,No,,,No,,,,,No,,,Yes,,,,,,Yes,,Yes,,,,,,,Yes,,,Yes,,No,,,,,,No,,,,No,,,No,,,No,,,,,No,,,,,No,,,,,Yes,,,,Yes,,,Yes,,,,,Yes,,,,Yes,,,,No,,No,,,No,,,,,No,,,H,L,O,U,19,Male,Asian,English,The survey was very interesting. I loved answering it.,1,1,1,1,1,1,1,1,1,1,1,1,1,1,1,1,1,1,1,1,1,1,1,1,6,6,6,6,
2020-12-22 12:24:21,2020-12-22 12:30:34,IP Address,72.205.40.164,100,372,True,2020-12-22 12:30:34,R_PBPgbej76OheVBT,,,,,38.9257965087890625,-77.39389801025390625,anonymous,EN,I have read the consent statement and I agree to participate in the study.,5e7e8976534c91550762a666,,No,,,No,,,,,,Yes,,,Yes,,,,,Yes,,,,,Yes,,,Yes,,,,,Yes,,,No,,,,No,,No,,,,No,,,,,,,No,,No,,,,,,No,,Yes,,,,Yes,,,Yes,,,,,,,Yes,Yes,,,,No,,,,,,No,,,,,No,,No,,,H,L,O,U,21,Female,White,English,"I don't know that it matters, but there was a typo where the survey said ""sandwich"" when it should have said ""soup""",1,1,1,1,1,1,1,1,1,1,1,1,1,1,1,1,1,1,1,1,1,1,1,1,6,6,6,6,
2020-12-22 12:06:49,2020-12-22 12:32:33,IP Address,96.59.52.101,100,1544,True,2020-12-22 12:32:34,R_pzmwYiqR0vYWDCh,,,,,28.2136993408203125,-82.68090057373046875,anonymous,EN,I have read the consent statement and I agree to participate in the study.,5f5bb9ee58c9fb352b9855c5,No,,,,,,,No,,,,No,,,Yes,,,,Yes,,,,Yes,,Yes,,,,,,Yes,,,Yes,,,,,,,,,,No,,,,No,,No,,,,,No,,,No,,,Yes,,,,,,Yes,,,Yes,,,,Yes,,,,Yes,,,,,,No,No,,,,No,,,,,,,No,H,L,O,U,29,Female,"Black or African American,White",English,,1,1,1,1,1,1,1,1,1,1,1,1,1,1,1,1,1,1,1,1,1,1,1,1,5,6,6,6,
2020-12-22 12:14:01,2020-12-22 12:32:52,IP Address,184.58.201.160,100,1130,True,2020-12-22 12:32:53,R_2zA1WAra62ls45I,,,,,43.0475006103515625,-87.89640045166015625,anonymous,EN,I have read the consent statement and I agree to participate in the study.,5fe1ea17df84514c586c8427,,,,No,,No,,,,,No,,,,,Yes,Yes,,,,,Yes,,,No,,,,,,,No,,,Yes,,Yes,,,,Yes,,,,,,Yes,,,,No,,No,,,,Yes,,,,,,Yes,,,Yes,,,,,,Yes,,No,,,,,,No,,No,,,,Yes,,,,,,Yes,,,Yes,,H,L,O,U,44,Female,White,English,NO,1,1,1,1,1,1,1,1,1,1,1,1,1,1,1,1,1,1,1,1,1,1,1,1,6,6,6,6,
2020-12-22 12:25:40,2020-12-22 12:33:07,IP Address,68.37.67.35,100,447,True,2020-12-22 12:33:08,R_2fLzQJt0P240tdn,,,,,42.62060546875,-82.9608001708984375,anonymous,EN,I have read the consent statement and I agree to participate in the study.,5fe0abc08fd71da06e7ac82e,No,,,,,No,,,No,,,,,,Yes,,,Yes,,,,Yes,,,,,Yes,,,Yes,,,,,,Yes,,,,No,,,No,,,,,No,,,,No,No,,,,,,,No,Yes,,,,,,Yes,,,Yes,,,Yes,,,,,,,Yes,,,Yes,,,,No,,No,,,,,No,,,H,L,O,U,24,Female,Black or African American,"English ",,1,1,1,1,1,1,1,1,1,1,1,1,1,1,1,1,1,1,1,1,1,1,1,1,6,6,6,6,
2020-12-22 12:25:48,2020-12-22 12:33:30,IP Address,107.3.134.175,100,461,True,2020-12-22 12:33:31,R_273aDtjn2ThY8Fv,,,,,37.770294189453125,-122.440704345703125,anonymous,EN,I have read the consent statement and I agree to participate in the study.,5cb6d1aff4315f0001617ed5,,No,,,No,,,,,No,,,Yes,,,,,,,Yes,,,Yes,,,Yes,,,,,Yes,,,,,Yes,,No,,,No,,,,,No,,,,,No,,,No,,,No,,,,,,Yes,,,,,Yes,,,,Yes,Yes,,,,,,,Yes,,,Yes,,,,,No,,,No,,No,,,,H,L,O,U,37,Female,White,English,"The first image of Sam, it mentioned soup but then in the same scenario it mentioned sandwich. ",1,1,1,1,1,1,1,1,1,1,1,1,1,1,1,1,1,1,1,1,1,1,1,1,6,6,6,6,
2020-12-22 12:27:19,2020-12-22 12:33:35,IP Address,70.95.21.213,100,376,True,2020-12-22 12:33:36,R_2QhtIohyqBFDfRz,,,,,32.9163970947265625,-117.1392974853515625,anonymous,EN,I have read the consent statement and I agree to participate in the study.,5e6177f4e61d5807252d19f8,,,,No,No,,,,,,Yes,,Yes,,,,,,Yes,,,,,Yes,,Yes,,,,Yes,,,,No,,,,No,,,,,No,,No,,,,,No,,,,,,No,,,No,,,,,Yes,,Yes,,,,,Yes,,Yes,,,,,,,Yes,,,No,,No,,,,,,,No,No,,,,H,L,O,U,28,Female,Asian,English,No difficulty answering the questions.,1,1,1,1,1,1,1,1,1,1,1,1,1,1,1,1,1,1,1,1,1,1,1,1,6,6,6,6,
2020-12-22 12:27:53,2020-12-22 12:33:55,IP Address,69.113.173.136,100,361,True,2020-12-22 12:33:55,R_3GCZZU8ca4NCSfj,,,,,40.7135009765625,-73.3545989990234375,anonymous,EN,I have read the consent statement and I agree to participate in the study.,5e27996cbdc7669c04c725c3,,,No,,No,,,,,,No,,Yes,,,,,Yes,,,,Yes,,,,,,Yes,,,Yes,,,,,No,No,,,,,No,,,,,,No,No,,,,No,,,,,,Yes,,Yes,,,,,,,Yes,,Yes,,,,,,Yes,,Yes,,,,No,,,,,No,,,,,No,,,No,,H,L,O,u,31,Male,White,english,no i did not,1,1,1,1,1,1,1,1,1,1,1,1,1,1,1,1,1,1,1,1,1,1,1,1,6,6,6,6,
2020-12-22 12:29:47,2020-12-22 12:34:20,IP Address,38.64.51.84,100,272,True,2020-12-22 12:34:21,R_1j7yNggjUpIBJSN,,,,,41.848297119140625,-87.651702880859375,anonymous,EN,I have read the consent statement and I agree to participate in the study.,5fe0ef26bd6f23ad3ca94e17,,,Yes,,,Yes,,,Yes,,,,,,,No,,,No,,,Yes,,,,,,Yes,,Yes,,,,Yes,,,No,,,,,,,Yes,,Yes,,,,,Yes,,No,,,,,,,Yes,Yes,,,,,,,Yes,,,Yes,,,,,No,Yes,,,,Yes,,,,,,Yes,,,Yes,,,,,No,,H,L,O,U,28,Male,White,English,yes,1,1,1,1,1,1,1,1,1,1,1,1,1,1,1,1,1,1,1,1,1,1,1,1,6,6,6,6,
2020-12-22 12:29:38,2020-12-22 12:34:21,IP Address,38.64.51.93,100,283,True,2020-12-22 12:34:21,R_10IMS7c2CpMg1Fv,,,,,41.848297119140625,-87.651702880859375,anonymous,EN,I have read the consent statement and I agree to participate in the study.,5fe0ef4fb11116a770caacd9,,,,Yes,,,Yes,,,Yes,,,,,Yes,,Yes,,,,Yes,,,,,,,Yes,,,No,,,No,,,,No,,,No,,,,Yes,,,,Yes,,,,,,,Yes,,,Yes,,,Yes,,,,,,Yes,,Yes,,,,,,Yes,,,Yes,,,No,,,Yes,,,,,,Yes,,,,,No,H,L,O,U,29,Male,White,English,yes,1,1,1,1,1,1,1,1,1,1,1,1,1,1,1,1,1,1,1,1,1,1,1,1,6,6,6,6,
2020-12-22 12:31:04,2020-12-22 12:34:32,IP Address,174.20.1.30,100,207,True,2020-12-22 12:34:32,R_oYbxHH9i0oeSImZ,,,,,45.0196075439453125,-93.24019622802734375,anonymous,EN,I have read the consent statement and I agree to participate in the study.,5b88d024d5fc0a00014cc364,No,,,,No,,,,No,,,,,,Yes,,,Yes,,,,,,Yes,,,,Yes,Yes,,,,,,No,,,,No,,,,No,,,No,,,,No,,,,,,No,,,,No,,,Yes,,,Yes,,,,,Yes,,Yes,,,,,,,Yes,No,,,,,,,No,,No,,,,No,,,H,L,O,U,19,Male,Asian,English,,1,1,1,1,1,1,1,1,1,1,1,1,1,1,1,1,1,1,1,1,1,1,1,1,6,6,6,6,
2020-12-22 12:29:04,2020-12-22 12:34:38,IP Address,172.58.62.162,100,334,True,2020-12-22 12:34:39,R_1FgIAgIkUwTOoKO,,,,,39.697296142578125,-104.8394012451171875,anonymous,EN,I have read the consent statement and I agree to participate in the study.,5e66d4098a31c74594dab25a,,,No,,,,,No,,,,No,Yes,,,,Yes,,,,,,Yes,,,,Yes,,Yes,,,,No,,,,,,No,,,,No,,,,,No,,No,,,,No,,,,No,,,,,,Yes,,Yes,,,,,,Yes,,Yes,,,Yes,,,,,,No,,,,,No,,No,,,No,,,,H,L,O,U,25,Female,White,"English ",No,1,1,1,1,1,1,1,1,1,1,1,1,1,1,1,1,1,1,1,1,1,1,1,1,6,6,6,6,
2020-12-22 12:29:05,2020-12-22 12:34:44,IP Address,68.58.215.111,100,338,True,2020-12-22 12:34:44,R_3mjxExvb0Jmrdu9,,,,,42.494293212890625,-83.2071990966796875,anonymous,EN,I have read the consent statement and I agree to participate in the study.,5fe218efbf7c82d3e44ada5d,,,,No,,,No,,,No,,,Yes,,,,Yes,,,,,,,Yes,,,Yes,,,No,,,,,No,,,,,,,No,,,No,,,,No,,,,,,,No,,,No,,,,,Yes,,Yes,,,Yes,,,,,,Yes,,,,Yes,,,,,No,,,,No,,No,,,,No,,,H,L,O,U,27,Male,White,english,"No difficulties. Survey was straight-forward. ",1,1,1,1,1,1,1,1,1,1,1,1,1,1,1,1,1,1,1,1,1,1,1,1,5,6,6,6,
2020-12-22 12:29:35,2020-12-22 12:34:50,IP Address,104.166.195.30,100,315,True,2020-12-22 12:34:51,R_VQhd9vm57B5uSvn,,,,,38.9933013916015625,-92.30780029296875,anonymous,EN,I have read the consent statement and I agree to participate in the study.,5fe21991adaa09d3f870ae25,No,,,,,,,No,,,No,,,No,,,,,Yes,,Yes,,,,Yes,,,,,,Yes,,,,,Yes,,,No,,No,,,,,,,No,,No,,,No,,,,No,,,,,,,No,,Yes,,,,,Yes,,,Yes,,,,,,Yes,,Yes,,,,No,,,,,No,,,,,No,H,L,O,U,23,Female,White,English,,1,1,1,1,1,1,1,1,1,1,1,1,1,1,1,1,1,1,1,1,1,1,1,1,6,6,6,6,
2020-12-22 12:25:22,2020-12-22 12:35:03,IP Address,72.198.52.143,100,581,True,2020-12-22 12:35:04,R_3J4THxkPNPZ1nxc,,,,,35.62109375,-97.47570037841796875,anonymous,EN,I have read the consent statement and I agree to participate in the study.,5f95a22f152f1f091efc39c8,,,No,,,No,,,No,,,,,Yes,,,,,,Yes,Yes,,,,Yes,,,,,,,Yes,,No,,,,,No,,,No,,,No,,,,No,,,,,,No,,,No,,,,,,No,,Yes,,,,,,Yes,,,Yes,,Yes,,,,,,,No,,,No,,,,No,,,,,No,H,L,O,U,43,Female,White,English,NO,1,1,1,1,1,1,1,1,1,1,1,1,1,1,1,1,1,1,1,1,1,1,1,1,6,6,6,6,
2020-12-22 12:30:48,2020-12-22 12:35:20,IP Address,74.70.99.125,100,271,True,2020-12-22 12:35:20,R_pE6h5bV3f6BLSSJ,,,,,42.727294921875,-73.6696014404296875,anonymous,EN,I have read the consent statement and I agree to participate in the study.,5f04ca4594097c7aa0afff6c,,,No,,,,No,,,,,No,Yes,,,,,Yes,,,Yes,,,,,,,Yes,Yes,,,,Yes,,,,,,No,,,,No,,,,,No,,,No,,No,,,,,,,No,,Yes,,,,,Yes,,,,,Yes,,Yes,,,,Yes,,,,Yes,,,No,,,,,,,No,,No,,,H,L,O,U,24,Female,"Asian,White",English,,1,1,1,1,1,1,1,1,1,1,1,1,1,1,1,1,1,1,1,1,1,1,1,1,6,6,6,6,
2020-12-22 12:32:55,2020-12-22 12:35:39,IP Address,204.195.50.65,100,163,True,2020-12-22 12:35:39,R_1LIDIGl2UjEi5VI,,,,,44.9929046630859375,-122.765899658203125,anonymous,EN,I have read the consent statement and I agree to participate in the study.,5da77afdf789ce00166a02dd,,No,,,No,,,,,,No,,,,Yes,,,,,Yes,,,,Yes,,,,Yes,,,Yes,,Yes,,,,,,,No,,No,,,,,,No,,,No,,,No,,,No,,,,,,,Yes,Yes,,,,Yes,,,,,,Yes,,,Yes,,,,Yes,,,,No,,,No,,,,,,No,,H,L,O,U,22,Male,White,English,,1,1,1,1,1,1,1,1,1,1,1,1,1,1,1,1,1,1,1,1,1,1,1,1,6,6,6,6,
2020-12-22 12:29:30,2020-12-22 12:36:14,IP Address,172.56.44.47,100,403,True,2020-12-22 12:36:15,R_3EQ0KJCFURzubZp,,,,,21.2982025146484375,-157.8444061279296875,anonymous,EN,I have read the consent statement and I agree to participate in the study.,57a6bacceeaf6d00018d64da,No,,,,,,No,,,,,No,,Yes,,,,,Yes,,,,Yes,,Yes,,,,,,,Yes,Yes,,,,,,,No,No,,,,,No,,,No,,,,,No,,,,Yes,,,,,,Yes,Yes,,,,,,,Yes,,Yes,,,,Yes,,,,,Yes,,,,No,,,,,No,,,No,,H,L,O,U,28,Female,Asian,English,"Interesting ",1,1,1,1,1,1,1,1,1,1,1,1,1,1,1,1,1,1,1,1,1,1,1,1,6,6,6,6,
2020-12-22 12:30:55,2020-12-22 12:36:19,IP Address,67.249.57.173,100,323,True,2020-12-22 12:36:19,R_ZajmJ4CBl54rYB3,,,,,42.9907989501953125,-75.96199798583984375,anonymous,EN,I have read the consent statement and I agree to participate in the study.,569b1e1aaf9ad7000d640f24,,,No,,No,,,,No,,,,,,,Yes,,Yes,,,Yes,,,,,Yes,,,,Yes,,,,,No,,,,No,,,,,No,No,,,,,,,No,,,No,,,Yes,,,,Yes,,,,,,Yes,,,Yes,,,,,Yes,,,Yes,,Yes,,,,No,,,,,No,,,,,,No,H,L,O,U,46,Male,White,English,,1,1,1,1,1,1,1,1,1,1,1,1,1,1,1,1,1,1,1,1,1,1,1,1,6,6,6,6,
2020-12-22 12:30:04,2020-12-22 12:36:19,IP Address,67.184.44.44,100,375,True,2020-12-22 12:36:19,R_w1PoBneqFDkU4Hn,,,,,41.7057037353515625,-88.19460296630859375,anonymous,EN,I have read the consent statement and I agree to participate in the study.,5fe1475b6903be3b548738d7,,,,No,,No,,,No,,,,Yes,,,,,,,Yes,,Yes,,,Yes,,,,Yes,,,,,,,No,No,,,,,No,,,,,No,,,No,,,,,No,,,,Yes,,,,,Yes,,,,Yes,,Yes,,,,,Yes,,,,Yes,,Yes,,,,,,No,,,,,No,,No,,,H,L,O,U,18,Male,Asian,English,"A few of the questions about tasting soup said ""a little bit of the sandwich"" with the leadup to the question, which was slightly confusing. However, the rest of the question was consistent with ""soup.""",1,1,1,1,1,1,1,1,1,1,1,1,1,1,1,1,1,1,1,1,1,1,1,1,6,6,6,6,
2020-12-22 12:28:07,2020-12-22 12:37:00,IP Address,66.31.48.40,100,533,True,2020-12-22 12:37:01,R_shPdIHlWejhsL5L,,,,,42.4279937744140625,-71.061798095703125,anonymous,EN,I have read the consent statement and I agree to participate in the study.,5ea1afbb8809ad07b7582ec0,,No,,,,,,No,,No,,,,,Yes,,Yes,,,,,,Yes,,Yes,,,,,,,Yes,No,,,,,No,,,,,No,,,No,,,,,,No,No,,,,,No,,,,,Yes,,,,Yes,,No,,,,No,,,,,,,Yes,,No,,,,,,No,,,,No,,,No,,H,L,o,u,33,Male,Black or African American,English,"There is a recurring typo for the Sam/Riley questions (says sandwich but soup everywhere else)

In front of Riley, Sam tasted a small bit of the sandwich.
 
If this is how Sam thought Riley's soup tasted,",1,1,1,1,1,1,1,1,1,1,1,1,1,1,1,1,1,1,1,1,1,1,1,1,6,6,6,6,
2020-12-22 12:28:09,2020-12-22 12:37:31,IP Address,159.250.134.57,100,561,True,2020-12-22 12:37:32,R_3Eh7iigvfrn0FZC,,,,,33.5077056884765625,-81.6876983642578125,anonymous,EN,I have read the consent statement and I agree to participate in the study.,5c8f924dbd496e0012a84583,No,,,,,No,,,No,,,,,,,Yes,,,Yes,,,,,Yes,,No,,,,,Yes,,,,No,,,,,No,,,No,,,No,,,,,No,,,,,No,,,No,,Yes,,,,Yes,,,,,Yes,,,,Yes,,,,,,Yes,,No,,,No,,,,,,,No,No,,,,H,L,O,U,40,Female,Black or African American,English,The survey was enjoyable and easy to complete. There are a few questions where the subject switches erroneously from sandwich to soup.,1,1,1,1,1,1,1,1,1,1,1,1,1,1,1,1,1,1,1,1,1,1,1,1,6,6,6,6,
2020-12-22 12:31:43,2020-12-22 12:38:35,IP Address,69.5.134.97,100,412,True,2020-12-22 12:38:36,R_VViDzj2UldRU5Wx,,,,,42.0514068603515625,-93.69080352783203125,anonymous,EN,I have read the consent statement and I agree to participate in the study.,5f486d8e1be85621b7435adf,,,,No,,,No,,,,,No,,,Yes,,,Yes,,,,,Yes,,,,Yes,,,,,Yes,No,,,,No,,,,,No,,,,No,,,No,,,,,No,,,,No,,,,,Yes,,,,,Yes,,,,Yes,Yes,,,,,Yes,,,No,,,,No,,,,,,No,,,,,No,H,L,O,U,27,Female,White,English,,1,1,1,1,1,1,1,1,1,1,1,1,1,1,1,1,1,1,1,1,1,1,1,1,6,6,6,6,
2020-12-22 12:32:19,2020-12-22 12:38:40,IP Address,68.228.179.63,100,380,True,2020-12-22 12:38:40,R_2E4a4WfEL7Y6jiH,,,,,41.313995361328125,-81.67559814453125,anonymous,EN,I have read the consent statement and I agree to participate in the study.,5abc27db68b65b00018d000f,,,No,,No,,,,,,No,,,Yes,,,,,,Yes,Yes,,,,,,,Yes,,Yes,,,,,,Yes,,No,,,,,No,,,,,No,No,,,,,,No,,No,,,,,Yes,,,Yes,,,,,,Yes,,,,,Yes,,Yes,,,,,,Yes,,No,,,,,No,,No,,,,H,L,O,U,55,Female,White,English,,1,1,1,1,1,1,1,1,1,1,1,1,1,1,1,1,1,1,1,1,1,1,1,1,6,6,6,6,
2020-12-22 12:35:16,2020-12-22 12:38:52,IP Address,73.3.139.6,100,216,True,2020-12-22 12:38:53,R_1LtlSBm0uD161PY,,,,,39.6959991455078125,-105.03459930419921875,anonymous,EN,I have read the consent statement and I agree to participate in the study.,5bdf667b3bfdb700011c3431,,,,Yes,,,No,,No,,,,,,,Yes,Yes,,,,,No,,,Yes,,,,Yes,,,,,,No,,,No,,,,,No,,,No,,,,No,,,,,,No,,No,,,Yes,,,,,,Yes,,,,,Yes,,Yes,,,,,No,,,,,No,,,,No,No,,,,,,No,,H,L,O,U,30,Female,Asian,English,,1,1,1,1,1,1,1,1,1,1,1,1,1,1,1,1,1,1,1,1,1,1,1,1,6,6,6,6,
2020-12-22 12:29:16,2020-12-22 12:40:21,IP Address,72.71.218.63,100,665,True,2020-12-22 12:40:22,R_2B3fX8gDutbxKAm,,,,,43.0355987548828125,-72.512298583984375,anonymous,EN,I have read the consent statement and I agree to participate in the study.,5fbbf53902bb0c042d1c7f89,No,,,,,,,No,,,,No,,,,Yes,,Yes,,,,,Yes,,,,,Yes,Yes,,,,,,No,,,No,,,,,,No,,,No,,,,,No,,No,,,,,No,,,,Yes,,,,Yes,,Yes,,,,Yes,,,,Yes,,,,No,,,,,No,,,,No,,,,No,,,H,L,O,U,42,Female,White,"English ","I thought that maybe sometimes the smiling faces with bad reviews could be that they were laughing at how gross the food was. But yhen I figured that's a bit of overthinking, so I disregarded and stuck to the obvious expression.",1,1,1,1,1,1,1,1,1,1,1,1,1,1,1,1,1,1,1,1,1,1,1,1,6,6,6,6,
2020-12-22 12:29:12,2020-12-22 12:40:34,IP Address,107.77.226.27,100,682,True,2020-12-22 12:40:34,R_3Q273b6ZuV5ylgt,,,,,40.8003997802734375,-73.95040130615234375,anonymous,EN,I have read the consent statement and I agree to participate in the study.,5e95116fcd40fa88e616d9d9,,Yes,,,,,Yes,,,,,No,Yes,,,,,,,Yes,,No,,,,Yes,,,,,,Yes,,Yes,,,No,,,,,Yes,,,,,No,,,,No,,,,No,,,,,No,,Yes,,,Yes,,,,,,,Yes,Yes,,,,Yes,,,,,,Yes,,,,No,,No,,,,,,,No,H,L,O,U,23,Female,Hispanic or Latino,"English ",,1,1,1,1,1,1,1,1,1,1,1,1,1,1,1,1,1,1,1,1,1,1,1,1,6,6,6,6,
2020-12-22 12:35:09,2020-12-22 12:43:02,IP Address,72.188.52.14,100,472,True,2020-12-22 12:43:02,R_2CqSVpG4jNc0wJq,,,,,28.5531005859375,-81.75969696044921875,anonymous,EN,I have read the consent statement and I agree to participate in the study.,5fe19da85474cdc36f04c383,No,,,,No,,,,,,,No,,Yes,,,Yes,,,,,Yes,,,Yes,,,,,,Yes,,,,,No,,,,,No,,,,,,No,,,No,,,No,,,,,,,No,,,,Yes,,Yes,,,,,Yes,,,,Yes,,,,Yes,,,Yes,,,,,,No,,,,No,,,No,,H,L,O,U,50,Male,White,English,,1,1,1,1,1,1,1,1,1,1,1,1,1,1,1,1,1,1,1,1,1,1,1,1,6,5,6,6,
2020-12-22 12:35:11,2020-12-22 12:46:17,IP Address,184.59.191.202,100,666,True,2020-12-22 12:46:18,R_20ZnNNUfkEktGcd,,,,,40.8271942138671875,-81.36100006103515625,anonymous,EN,I have read the consent statement and I agree to participate in the study.,5fe12e429bca6fb2786598a8,,,,No,No,,,,,,No,,,,Yes,,,,Yes,,,Yes,,,,,,Yes,,,,No,,Yes,,,No,,,,No,,,,No,,,,,No,,,No,,,,,,,No,,,,Yes,,,Yes,,,Yes,,,,,,Yes,,Yes,,,,,Yes,,,,No,,No,,,,,No,,,H,L,O,U,45,Male,White,English,,1,1,1,1,1,1,1,1,1,1,1,1,1,1,1,1,1,1,1,1,1,1,1,1,6,6,6,6,
2020-12-22 12:40:28,2020-12-22 12:52:51,IP Address,108.184.114.16,100,743,True,2020-12-22 12:52:52,R_3qdRlw4xmIzq1OH,,,,,34.12109375,-117.4362030029296875,anonymous,EN,I have read the consent statement and I agree to participate in the study.,"5fdf9317c9707d7b4ea2423a ",,Yes,,,,Yes,,,,Yes,,,Yes,,,,,,,Yes,,Yes,,,No,,,,No,,,,,,,No,Yes,,,,,Yes,,,,,No,,,,,Yes,Yes,,,,,,,Yes,,,Yes,,,,Yes,,,,Yes,,,,Yes,,,,Yes,,,Yes,,,,,,Yes,,,,Yes,Yes,,,,H,L,O,U,45,Male,White,English,NO,1,1,1,1,1,1,1,1,1,1,1,1,1,1,1,1,1,1,1,1,1,1,1,1,6,6,6,6,
