"id","race","gender","trial","state","response"
"R_UuRkMc1ZPGJT8pH","A","F","Good","1",0
"R_UuRkMc1ZPGJT8pH","A","F","Bad","6",0
"R_UuRkMc1ZPGJT8pH","A","F","Pos","4",1
"R_UuRkMc1ZPGJT8pH","A","F","Pos","5",1
"R_UuRkMc1ZPGJT8pH","A","F","Neg","1",1
"R_UuRkMc1ZPGJT8pH","A","F","Neg","5",0
"R_UuRkMc1ZPGJT8pH","W","M","Good","6",1
"R_UuRkMc1ZPGJT8pH","W","M","Bad","4",1
"R_UuRkMc1ZPGJT8pH","W","M","Bad","5",0
"R_UuRkMc1ZPGJT8pH","W","M","Pos","1",0
"R_UuRkMc1ZPGJT8pH","W","M","Neg","2",1
"R_UuRkMc1ZPGJT8pH","W","M","Neg","4",0
"R_UuRkMc1ZPGJT8pH","B","F","Good","3",0
"R_UuRkMc1ZPGJT8pH","B","F","Bad","1",1
"R_UuRkMc1ZPGJT8pH","B","F","Bad","2",1
"R_UuRkMc1ZPGJT8pH","B","F","Bad","3",1
"R_UuRkMc1ZPGJT8pH","B","F","Pos","2",0
"R_UuRkMc1ZPGJT8pH","B","F","Neg","6",0
"R_UuRkMc1ZPGJT8pH","L","M","Good","2",0
"R_UuRkMc1ZPGJT8pH","L","M","Good","4",1
"R_UuRkMc1ZPGJT8pH","L","M","Good","5",1
"R_UuRkMc1ZPGJT8pH","L","M","Pos","3",0
"R_UuRkMc1ZPGJT8pH","L","M","Pos","6",1
"R_UuRkMc1ZPGJT8pH","L","M","Neg","3",0
"R_DnSJoCvNGd9EdiN","A","F","Good","2",0
"R_DnSJoCvNGd9EdiN","A","F","Good","6",1
"R_DnSJoCvNGd9EdiN","A","F","Bad","3",0
"R_DnSJoCvNGd9EdiN","A","F","Pos","3",1
"R_DnSJoCvNGd9EdiN","A","F","Pos","5",1
"R_DnSJoCvNGd9EdiN","A","F","Neg","1",1
"R_DnSJoCvNGd9EdiN","W","M","Good","3",1
"R_DnSJoCvNGd9EdiN","W","M","Good","4",1
"R_DnSJoCvNGd9EdiN","W","M","Bad","5",0
"R_DnSJoCvNGd9EdiN","W","M","Pos","1",1
"R_DnSJoCvNGd9EdiN","W","M","Pos","2",0
"R_DnSJoCvNGd9EdiN","W","M","Pos","6",1
"R_DnSJoCvNGd9EdiN","B","F","Good","1",0
"R_DnSJoCvNGd9EdiN","B","F","Good","5",1
"R_DnSJoCvNGd9EdiN","B","F","Bad","2",0
"R_DnSJoCvNGd9EdiN","B","F","Bad","6",0
"R_DnSJoCvNGd9EdiN","B","F","Neg","3",0
"R_DnSJoCvNGd9EdiN","B","F","Neg","5",0
"R_DnSJoCvNGd9EdiN","L","M","Bad","1",1
"R_DnSJoCvNGd9EdiN","L","M","Bad","4",0
"R_DnSJoCvNGd9EdiN","L","M","Pos","4",1
"R_DnSJoCvNGd9EdiN","L","M","Neg","2",1
"R_DnSJoCvNGd9EdiN","L","M","Neg","4",0
"R_DnSJoCvNGd9EdiN","L","M","Neg","6",0
"R_OOjF0Tksu6PYLzH","A","F","Good","1",0
"R_OOjF0Tksu6PYLzH","A","F","Bad","5",0
"R_OOjF0Tksu6PYLzH","A","F","Pos","1",0
"R_OOjF0Tksu6PYLzH","A","F","Pos","4",1
"R_OOjF0Tksu6PYLzH","A","F","Pos","5",1
"R_OOjF0Tksu6PYLzH","A","F","Neg","1",0
"R_OOjF0Tksu6PYLzH","W","M","Good","5",1
"R_OOjF0Tksu6PYLzH","W","M","Bad","1",1
"R_OOjF0Tksu6PYLzH","W","M","Bad","2",1
"R_OOjF0Tksu6PYLzH","W","M","Bad","6",0
"R_OOjF0Tksu6PYLzH","W","M","Pos","6",1
"R_OOjF0Tksu6PYLzH","W","M","Neg","3",1
"R_OOjF0Tksu6PYLzH","B","F","Good","2",0
"R_OOjF0Tksu6PYLzH","B","F","Good","4",1
"R_OOjF0Tksu6PYLzH","B","F","Bad","3",1
"R_OOjF0Tksu6PYLzH","B","F","Pos","2",0
"R_OOjF0Tksu6PYLzH","B","F","Neg","4",0
"R_OOjF0Tksu6PYLzH","B","F","Neg","5",0
"R_OOjF0Tksu6PYLzH","L","M","Good","3",0
"R_OOjF0Tksu6PYLzH","L","M","Good","6",1
"R_OOjF0Tksu6PYLzH","L","M","Bad","4",0
"R_OOjF0Tksu6PYLzH","L","M","Pos","3",1
"R_OOjF0Tksu6PYLzH","L","M","Neg","2",1
"R_OOjF0Tksu6PYLzH","L","M","Neg","6",0
"R_Y3r6qH0IC78uzYJ","A","F","Good","3",0
"R_Y3r6qH0IC78uzYJ","A","F","Bad","1",1
"R_Y3r6qH0IC78uzYJ","A","F","Bad","3",1
"R_Y3r6qH0IC78uzYJ","A","F","Bad","4",0
"R_Y3r6qH0IC78uzYJ","A","F","Neg","2",0
"R_Y3r6qH0IC78uzYJ","A","F","Neg","3",1
"R_Y3r6qH0IC78uzYJ","W","M","Good","1",0
"R_Y3r6qH0IC78uzYJ","W","M","Good","2",0
"R_Y3r6qH0IC78uzYJ","W","M","Good","4",1
"R_Y3r6qH0IC78uzYJ","W","M","Pos","5",1
"R_Y3r6qH0IC78uzYJ","W","M","Pos","6",1
"R_Y3r6qH0IC78uzYJ","W","M","Neg","6",0
"R_Y3r6qH0IC78uzYJ","B","F","Good","6",1
"R_Y3r6qH0IC78uzYJ","B","F","Bad","2",0
"R_Y3r6qH0IC78uzYJ","B","F","Pos","1",0
"R_Y3r6qH0IC78uzYJ","B","F","Pos","3",1
"R_Y3r6qH0IC78uzYJ","B","F","Pos","4",1
"R_Y3r6qH0IC78uzYJ","B","F","Neg","5",0
"R_Y3r6qH0IC78uzYJ","L","M","Good","5",1
"R_Y3r6qH0IC78uzYJ","L","M","Bad","5",0
"R_Y3r6qH0IC78uzYJ","L","M","Bad","6",0
"R_Y3r6qH0IC78uzYJ","L","M","Pos","2",0
"R_Y3r6qH0IC78uzYJ","L","M","Neg","1",1
"R_Y3r6qH0IC78uzYJ","L","M","Neg","4",0
"R_2s7Pw6PldFWTKQF","A","F","Good","1",0
"R_2s7Pw6PldFWTKQF","A","F","Good","4",1
"R_2s7Pw6PldFWTKQF","A","F","Bad","1",1
"R_2s7Pw6PldFWTKQF","A","F","Neg","3",0
"R_2s7Pw6PldFWTKQF","A","F","Neg","5",0
"R_2s7Pw6PldFWTKQF","A","F","Neg","6",0
"R_2s7Pw6PldFWTKQF","W","M","Good","6",1
"R_2s7Pw6PldFWTKQF","W","M","Bad","5",0
"R_2s7Pw6PldFWTKQF","W","M","Pos","1",0
"R_2s7Pw6PldFWTKQF","W","M","Pos","4",1
"R_2s7Pw6PldFWTKQF","W","M","Pos","5",1
"R_2s7Pw6PldFWTKQF","W","M","Neg","2",1
"R_2s7Pw6PldFWTKQF","B","F","Bad","2",1
"R_2s7Pw6PldFWTKQF","B","F","Bad","3",0
"R_2s7Pw6PldFWTKQF","B","F","Bad","4",0
"R_2s7Pw6PldFWTKQF","B","F","Pos","3",0
"R_2s7Pw6PldFWTKQF","B","F","Pos","6",1
"R_2s7Pw6PldFWTKQF","B","F","Neg","1",1
"R_2s7Pw6PldFWTKQF","L","M","Good","2",0
"R_2s7Pw6PldFWTKQF","L","M","Good","3",0
"R_2s7Pw6PldFWTKQF","L","M","Good","5",1
"R_2s7Pw6PldFWTKQF","L","M","Bad","6",0
"R_2s7Pw6PldFWTKQF","L","M","Pos","2",0
"R_2s7Pw6PldFWTKQF","L","M","Neg","4",0
"R_2e9CJFRzSvdLvyQ","A","F","Good","2",0
"R_2e9CJFRzSvdLvyQ","A","F","Bad","2",1
"R_2e9CJFRzSvdLvyQ","A","F","Bad","5",0
"R_2e9CJFRzSvdLvyQ","A","F","Bad","6",0
"R_2e9CJFRzSvdLvyQ","A","F","Pos","3",1
"R_2e9CJFRzSvdLvyQ","A","F","Neg","3",0
"R_2e9CJFRzSvdLvyQ","W","M","Bad","3",0
"R_2e9CJFRzSvdLvyQ","W","M","Pos","1",0
"R_2e9CJFRzSvdLvyQ","W","M","Pos","6",1
"R_2e9CJFRzSvdLvyQ","W","M","Neg","1",1
"R_2e9CJFRzSvdLvyQ","W","M","Neg","2",1
"R_2e9CJFRzSvdLvyQ","W","M","Neg","5",0
"R_2e9CJFRzSvdLvyQ","B","F","Good","4",1
"R_2e9CJFRzSvdLvyQ","B","F","Good","5",1
"R_2e9CJFRzSvdLvyQ","B","F","Bad","1",1
"R_2e9CJFRzSvdLvyQ","B","F","Bad","4",0
"R_2e9CJFRzSvdLvyQ","B","F","Pos","2",0
"R_2e9CJFRzSvdLvyQ","B","F","Neg","6",0
"R_2e9CJFRzSvdLvyQ","L","M","Good","1",0
"R_2e9CJFRzSvdLvyQ","L","M","Good","3",0
"R_2e9CJFRzSvdLvyQ","L","M","Good","6",1
"R_2e9CJFRzSvdLvyQ","L","M","Pos","4",1
"R_2e9CJFRzSvdLvyQ","L","M","Pos","5",1
"R_2e9CJFRzSvdLvyQ","L","M","Neg","4",0
"R_2wtr6kRJq1xTHoR","A","F","Good","6",1
"R_2wtr6kRJq1xTHoR","A","F","Bad","6",1
"R_2wtr6kRJq1xTHoR","A","F","Pos","3",1
"R_2wtr6kRJq1xTHoR","A","F","Pos","4",1
"R_2wtr6kRJq1xTHoR","A","F","Pos","5",0
"R_2wtr6kRJq1xTHoR","A","F","Pos","6",1
"R_2wtr6kRJq1xTHoR","W","M","Good","3",1
"R_2wtr6kRJq1xTHoR","W","M","Good","4",1
"R_2wtr6kRJq1xTHoR","W","M","Bad","1",1
"R_2wtr6kRJq1xTHoR","W","M","Bad","3",0
"R_2wtr6kRJq1xTHoR","W","M","Pos","1",1
"R_2wtr6kRJq1xTHoR","W","M","Neg","3",1
"R_2wtr6kRJq1xTHoR","B","F","Bad","5",1
"R_2wtr6kRJq1xTHoR","B","F","Pos","2",1
"R_2wtr6kRJq1xTHoR","B","F","Neg","2",0
"R_2wtr6kRJq1xTHoR","B","F","Neg","4",0
"R_2wtr6kRJq1xTHoR","B","F","Neg","5",0
"R_2wtr6kRJq1xTHoR","B","F","Neg","6",0
"R_2wtr6kRJq1xTHoR","L","M","Good","1",1
"R_2wtr6kRJq1xTHoR","L","M","Good","2",1
"R_2wtr6kRJq1xTHoR","L","M","Good","5",1
"R_2wtr6kRJq1xTHoR","L","M","Bad","2",0
"R_2wtr6kRJq1xTHoR","L","M","Bad","4",1
"R_2wtr6kRJq1xTHoR","L","M","Neg","1",0
"R_DbYK1DVfLxMiMFP","A","F","Good","5",1
"R_DbYK1DVfLxMiMFP","A","F","Bad","1",1
"R_DbYK1DVfLxMiMFP","A","F","Bad","5",0
"R_DbYK1DVfLxMiMFP","A","F","Pos","2",0
"R_DbYK1DVfLxMiMFP","A","F","Neg","3",0
"R_DbYK1DVfLxMiMFP","A","F","Neg","6",0
"R_DbYK1DVfLxMiMFP","W","M","Good","2",0
"R_DbYK1DVfLxMiMFP","W","M","Good","4",1
"R_DbYK1DVfLxMiMFP","W","M","Pos","3",0
"R_DbYK1DVfLxMiMFP","W","M","Pos","4",1
"R_DbYK1DVfLxMiMFP","W","M","Neg","4",0
"R_DbYK1DVfLxMiMFP","W","M","Neg","5",0
"R_DbYK1DVfLxMiMFP","B","F","Bad","6",0
"R_DbYK1DVfLxMiMFP","B","F","Pos","1",0
"R_DbYK1DVfLxMiMFP","B","F","Pos","5",1
"R_DbYK1DVfLxMiMFP","B","F","Pos","6",1
"R_DbYK1DVfLxMiMFP","B","F","Neg","1",1
"R_DbYK1DVfLxMiMFP","B","F","Neg","2",1
"R_DbYK1DVfLxMiMFP","L","M","Good","1",0
"R_DbYK1DVfLxMiMFP","L","M","Good","3",1
"R_DbYK1DVfLxMiMFP","L","M","Good","6",1
"R_DbYK1DVfLxMiMFP","L","M","Bad","2",1
"R_DbYK1DVfLxMiMFP","L","M","Bad","3",0
"R_DbYK1DVfLxMiMFP","L","M","Bad","4",0
"R_8xpdbmiHNaiWBoZ","A","F","Good","4",1
"R_8xpdbmiHNaiWBoZ","A","F","Good","5",1
"R_8xpdbmiHNaiWBoZ","A","F","Good","6",1
"R_8xpdbmiHNaiWBoZ","A","F","Bad","1",1
"R_8xpdbmiHNaiWBoZ","A","F","Bad","4",0
"R_8xpdbmiHNaiWBoZ","A","F","Pos","4",1
"R_8xpdbmiHNaiWBoZ","W","M","Good","1",0
"R_8xpdbmiHNaiWBoZ","W","M","Good","2",0
"R_8xpdbmiHNaiWBoZ","W","M","Bad","6",0
"R_8xpdbmiHNaiWBoZ","W","M","Pos","1",0
"R_8xpdbmiHNaiWBoZ","W","M","Neg","4",0
"R_8xpdbmiHNaiWBoZ","W","M","Neg","5",0
"R_8xpdbmiHNaiWBoZ","B","F","Good","3",0
"R_8xpdbmiHNaiWBoZ","B","F","Bad","5",0
"R_8xpdbmiHNaiWBoZ","B","F","Pos","2",0
"R_8xpdbmiHNaiWBoZ","B","F","Pos","5",1
"R_8xpdbmiHNaiWBoZ","B","F","Pos","6",1
"R_8xpdbmiHNaiWBoZ","B","F","Neg","2",1
"R_8xpdbmiHNaiWBoZ","L","M","Bad","2",1
"R_8xpdbmiHNaiWBoZ","L","M","Bad","3",1
"R_8xpdbmiHNaiWBoZ","L","M","Pos","3",0
"R_8xpdbmiHNaiWBoZ","L","M","Neg","1",1
"R_8xpdbmiHNaiWBoZ","L","M","Neg","3",1
"R_8xpdbmiHNaiWBoZ","L","M","Neg","6",0
"R_2PoGgBHLlNePWqf","A","F","Good","4",1
"R_2PoGgBHLlNePWqf","A","F","Pos","2",0
"R_2PoGgBHLlNePWqf","A","F","Neg","1",1
"R_2PoGgBHLlNePWqf","A","F","Neg","2",1
"R_2PoGgBHLlNePWqf","A","F","Neg","4",0
"R_2PoGgBHLlNePWqf","A","F","Neg","6",0
"R_2PoGgBHLlNePWqf","W","M","Good","6",1
"R_2PoGgBHLlNePWqf","W","M","Bad","1",1
"R_2PoGgBHLlNePWqf","W","M","Bad","5",0
"R_2PoGgBHLlNePWqf","W","M","Pos","3",0
"R_2PoGgBHLlNePWqf","W","M","Pos","5",1
"R_2PoGgBHLlNePWqf","W","M","Pos","6",1
"R_2PoGgBHLlNePWqf","B","F","Good","1",0
"R_2PoGgBHLlNePWqf","B","F","Good","3",0
"R_2PoGgBHLlNePWqf","B","F","Good","5",1
"R_2PoGgBHLlNePWqf","B","F","Bad","2",1
"R_2PoGgBHLlNePWqf","B","F","Bad","3",1
"R_2PoGgBHLlNePWqf","B","F","Bad","6",0
"R_2PoGgBHLlNePWqf","L","M","Good","2",0
"R_2PoGgBHLlNePWqf","L","M","Bad","4",0
"R_2PoGgBHLlNePWqf","L","M","Pos","1",0
"R_2PoGgBHLlNePWqf","L","M","Pos","4",1
"R_2PoGgBHLlNePWqf","L","M","Neg","3",0
"R_2PoGgBHLlNePWqf","L","M","Neg","5",0
"R_ABa7431IMi3s1Tb","A","F","Good","1",0
"R_ABa7431IMi3s1Tb","A","F","Good","4",1
"R_ABa7431IMi3s1Tb","A","F","Bad","1",1
"R_ABa7431IMi3s1Tb","A","F","Bad","5",0
"R_ABa7431IMi3s1Tb","A","F","Pos","3",1
"R_ABa7431IMi3s1Tb","A","F","Neg","1",0
"R_ABa7431IMi3s1Tb","W","M","Bad","2",1
"R_ABa7431IMi3s1Tb","W","M","Bad","6",0
"R_ABa7431IMi3s1Tb","W","M","Pos","2",0
"R_ABa7431IMi3s1Tb","W","M","Pos","4",1
"R_ABa7431IMi3s1Tb","W","M","Pos","5",1
"R_ABa7431IMi3s1Tb","W","M","Neg","4",0
"R_ABa7431IMi3s1Tb","B","F","Good","2",0
"R_ABa7431IMi3s1Tb","B","F","Good","6",1
"R_ABa7431IMi3s1Tb","B","F","Pos","1",0
"R_ABa7431IMi3s1Tb","B","F","Neg","2",1
"R_ABa7431IMi3s1Tb","B","F","Neg","3",0
"R_ABa7431IMi3s1Tb","B","F","Neg","5",0
"R_ABa7431IMi3s1Tb","L","M","Good","3",0
"R_ABa7431IMi3s1Tb","L","M","Good","5",1
"R_ABa7431IMi3s1Tb","L","M","Bad","3",1
"R_ABa7431IMi3s1Tb","L","M","Bad","4",0
"R_ABa7431IMi3s1Tb","L","M","Pos","6",1
"R_ABa7431IMi3s1Tb","L","M","Neg","6",0
"R_1jTCKaZj0mzn6xT","A","F","Good","3",0
"R_1jTCKaZj0mzn6xT","A","F","Bad","3",0
"R_1jTCKaZj0mzn6xT","A","F","Neg","3",1
"R_1jTCKaZj0mzn6xT","A","F","Neg","4",0
"R_1jTCKaZj0mzn6xT","A","F","Neg","5",0
"R_1jTCKaZj0mzn6xT","A","F","Neg","6",0
"R_1jTCKaZj0mzn6xT","W","M","Good","2",0
"R_1jTCKaZj0mzn6xT","W","M","Good","4",0
"R_1jTCKaZj0mzn6xT","W","M","Good","5",1
"R_1jTCKaZj0mzn6xT","W","M","Bad","6",0
"R_1jTCKaZj0mzn6xT","W","M","Pos","4",1
"R_1jTCKaZj0mzn6xT","W","M","Neg","2",1
"R_1jTCKaZj0mzn6xT","B","F","Bad","2",1
"R_1jTCKaZj0mzn6xT","B","F","Bad","4",0
"R_1jTCKaZj0mzn6xT","B","F","Bad","5",0
"R_1jTCKaZj0mzn6xT","B","F","Pos","1",0
"R_1jTCKaZj0mzn6xT","B","F","Pos","5",1
"R_1jTCKaZj0mzn6xT","B","F","Neg","1",1
"R_1jTCKaZj0mzn6xT","L","M","Good","1",0
"R_1jTCKaZj0mzn6xT","L","M","Good","6",1
"R_1jTCKaZj0mzn6xT","L","M","Bad","1",1
"R_1jTCKaZj0mzn6xT","L","M","Pos","2",0
"R_1jTCKaZj0mzn6xT","L","M","Pos","3",0
"R_1jTCKaZj0mzn6xT","L","M","Pos","6",1
"R_2wHOdg7Ck0BZyCn","A","F","Good","1",0
"R_2wHOdg7Ck0BZyCn","A","F","Good","3",0
"R_2wHOdg7Ck0BZyCn","A","F","Bad","5",0
"R_2wHOdg7Ck0BZyCn","A","F","Pos","4",0
"R_2wHOdg7Ck0BZyCn","A","F","Neg","3",1
"R_2wHOdg7Ck0BZyCn","A","F","Neg","5",0
"R_2wHOdg7Ck0BZyCn","W","M","Good","6",1
"R_2wHOdg7Ck0BZyCn","W","M","Bad","1",1
"R_2wHOdg7Ck0BZyCn","W","M","Pos","2",0
"R_2wHOdg7Ck0BZyCn","W","M","Pos","5",1
"R_2wHOdg7Ck0BZyCn","W","M","Neg","1",1
"R_2wHOdg7Ck0BZyCn","W","M","Neg","6",0
"R_2wHOdg7Ck0BZyCn","B","F","Good","2",0
"R_2wHOdg7Ck0BZyCn","B","F","Good","4",1
"R_2wHOdg7Ck0BZyCn","B","F","Good","5",1
"R_2wHOdg7Ck0BZyCn","B","F","Bad","2",1
"R_2wHOdg7Ck0BZyCn","B","F","Pos","1",0
"R_2wHOdg7Ck0BZyCn","B","F","Pos","3",0
"R_2wHOdg7Ck0BZyCn","L","M","Bad","3",0
"R_2wHOdg7Ck0BZyCn","L","M","Bad","4",1
"R_2wHOdg7Ck0BZyCn","L","M","Bad","6",0
"R_2wHOdg7Ck0BZyCn","L","M","Pos","6",1
"R_2wHOdg7Ck0BZyCn","L","M","Neg","2",1
"R_2wHOdg7Ck0BZyCn","L","M","Neg","4",0
"R_3IWW9odQfoMG5qg","A","F","Good","2",0
"R_3IWW9odQfoMG5qg","A","F","Good","5",1
"R_3IWW9odQfoMG5qg","A","F","Bad","6",0
"R_3IWW9odQfoMG5qg","A","F","Pos","2",0
"R_3IWW9odQfoMG5qg","A","F","Pos","5",1
"R_3IWW9odQfoMG5qg","A","F","Neg","4",0
"R_3IWW9odQfoMG5qg","W","M","Good","4",1
"R_3IWW9odQfoMG5qg","W","M","Bad","2",1
"R_3IWW9odQfoMG5qg","W","M","Bad","3",1
"R_3IWW9odQfoMG5qg","W","M","Pos","1",0
"R_3IWW9odQfoMG5qg","W","M","Neg","3",0
"R_3IWW9odQfoMG5qg","W","M","Neg","5",0
"R_3IWW9odQfoMG5qg","B","F","Bad","4",0
"R_3IWW9odQfoMG5qg","B","F","Bad","5",0
"R_3IWW9odQfoMG5qg","B","F","Pos","3",0
"R_3IWW9odQfoMG5qg","B","F","Pos","4",1
"R_3IWW9odQfoMG5qg","B","F","Neg","2",0
"R_3IWW9odQfoMG5qg","B","F","Neg","6",0
"R_3IWW9odQfoMG5qg","L","M","Good","1",0
"R_3IWW9odQfoMG5qg","L","M","Good","3",0
"R_3IWW9odQfoMG5qg","L","M","Good","6",1
"R_3IWW9odQfoMG5qg","L","M","Bad","1",1
"R_3IWW9odQfoMG5qg","L","M","Pos","6",1
"R_3IWW9odQfoMG5qg","L","M","Neg","1",1
"R_3MGsYz7kBfnppDQ","A","F","Good","6",1
"R_3MGsYz7kBfnppDQ","A","F","Bad","2",1
"R_3MGsYz7kBfnppDQ","A","F","Bad","3",0
"R_3MGsYz7kBfnppDQ","A","F","Bad","4",0
"R_3MGsYz7kBfnppDQ","A","F","Bad","6",0
"R_3MGsYz7kBfnppDQ","A","F","Pos","1",0
"R_3MGsYz7kBfnppDQ","W","M","Good","2",0
"R_3MGsYz7kBfnppDQ","W","M","Bad","5",0
"R_3MGsYz7kBfnppDQ","W","M","Pos","2",0
"R_3MGsYz7kBfnppDQ","W","M","Neg","1",1
"R_3MGsYz7kBfnppDQ","W","M","Neg","2",1
"R_3MGsYz7kBfnppDQ","W","M","Neg","5",0
"R_3MGsYz7kBfnppDQ","B","F","Good","1",0
"R_3MGsYz7kBfnppDQ","B","F","Good","5",1
"R_3MGsYz7kBfnppDQ","B","F","Bad","1",1
"R_3MGsYz7kBfnppDQ","B","F","Pos","6",1
"R_3MGsYz7kBfnppDQ","B","F","Neg","4",0
"R_3MGsYz7kBfnppDQ","B","F","Neg","6",0
"R_3MGsYz7kBfnppDQ","L","M","Good","3",1
"R_3MGsYz7kBfnppDQ","L","M","Good","4",1
"R_3MGsYz7kBfnppDQ","L","M","Pos","3",0
"R_3MGsYz7kBfnppDQ","L","M","Pos","4",1
"R_3MGsYz7kBfnppDQ","L","M","Pos","5",1
"R_3MGsYz7kBfnppDQ","L","M","Neg","3",0
"R_qwlh5SCSAtED52V","A","F","Good","5",1
"R_qwlh5SCSAtED52V","A","F","Bad","3",1
"R_qwlh5SCSAtED52V","A","F","Pos","2",0
"R_qwlh5SCSAtED52V","A","F","Pos","6",1
"R_qwlh5SCSAtED52V","A","F","Neg","2",1
"R_qwlh5SCSAtED52V","A","F","Neg","5",0
"R_qwlh5SCSAtED52V","W","M","Good","4",1
"R_qwlh5SCSAtED52V","W","M","Bad","2",1
"R_qwlh5SCSAtED52V","W","M","Bad","4",0
"R_qwlh5SCSAtED52V","W","M","Neg","1",1
"R_qwlh5SCSAtED52V","W","M","Neg","3",1
"R_qwlh5SCSAtED52V","W","M","Neg","6",0
"R_qwlh5SCSAtED52V","B","F","Good","1",0
"R_qwlh5SCSAtED52V","B","F","Good","3",0
"R_qwlh5SCSAtED52V","B","F","Pos","1",0
"R_qwlh5SCSAtED52V","B","F","Pos","3",0
"R_qwlh5SCSAtED52V","B","F","Pos","4",1
"R_qwlh5SCSAtED52V","B","F","Neg","4",0
"R_qwlh5SCSAtED52V","L","M","Good","2",0
"R_qwlh5SCSAtED52V","L","M","Good","6",1
"R_qwlh5SCSAtED52V","L","M","Bad","1",1
"R_qwlh5SCSAtED52V","L","M","Bad","5",0
"R_qwlh5SCSAtED52V","L","M","Bad","6",0
"R_qwlh5SCSAtED52V","L","M","Pos","5",1
"R_BQZiqednSM61HyN","A","F","Good","4",1
"R_BQZiqednSM61HyN","A","F","Bad","2",1
"R_BQZiqednSM61HyN","A","F","Pos","3",0
"R_BQZiqednSM61HyN","A","F","Neg","2",1
"R_BQZiqednSM61HyN","A","F","Neg","3",0
"R_BQZiqednSM61HyN","A","F","Neg","4",0
"R_BQZiqednSM61HyN","W","M","Good","1",0
"R_BQZiqednSM61HyN","W","M","Good","3",0
"R_BQZiqednSM61HyN","W","M","Good","5",1
"R_BQZiqednSM61HyN","W","M","Good","6",1
"R_BQZiqednSM61HyN","W","M","Bad","3",0
"R_BQZiqednSM61HyN","W","M","Bad","4",0
"R_BQZiqednSM61HyN","B","F","Good","2",0
"R_BQZiqednSM61HyN","B","F","Bad","1",1
"R_BQZiqednSM61HyN","B","F","Bad","5",0
"R_BQZiqednSM61HyN","B","F","Pos","2",0
"R_BQZiqednSM61HyN","B","F","Pos","6",1
"R_BQZiqednSM61HyN","B","F","Neg","6",0
"R_BQZiqednSM61HyN","L","M","Bad","6",0
"R_BQZiqednSM61HyN","L","M","Pos","1",0
"R_BQZiqednSM61HyN","L","M","Pos","4",0
"R_BQZiqednSM61HyN","L","M","Pos","5",1
"R_BQZiqednSM61HyN","L","M","Neg","1",1
"R_BQZiqednSM61HyN","L","M","Neg","5",0
"R_1FCEcxGj2KjDHSG","A","F","Good","2",0
"R_1FCEcxGj2KjDHSG","A","F","Pos","1",0
"R_1FCEcxGj2KjDHSG","A","F","Pos","2",0
"R_1FCEcxGj2KjDHSG","A","F","Pos","6",1
"R_1FCEcxGj2KjDHSG","A","F","Neg","2",1
"R_1FCEcxGj2KjDHSG","A","F","Neg","5",0
"R_1FCEcxGj2KjDHSG","W","M","Good","5",1
"R_1FCEcxGj2KjDHSG","W","M","Bad","4",0
"R_1FCEcxGj2KjDHSG","W","M","Bad","6",0
"R_1FCEcxGj2KjDHSG","W","M","Pos","3",1
"R_1FCEcxGj2KjDHSG","W","M","Neg","1",1
"R_1FCEcxGj2KjDHSG","W","M","Neg","6",0
"R_1FCEcxGj2KjDHSG","B","F","Good","3",0
"R_1FCEcxGj2KjDHSG","B","F","Good","4",1
"R_1FCEcxGj2KjDHSG","B","F","Good","6",1
"R_1FCEcxGj2KjDHSG","B","F","Bad","1",1
"R_1FCEcxGj2KjDHSG","B","F","Pos","4",1
"R_1FCEcxGj2KjDHSG","B","F","Pos","5",1
"R_1FCEcxGj2KjDHSG","L","M","Good","1",0
"R_1FCEcxGj2KjDHSG","L","M","Bad","2",1
"R_1FCEcxGj2KjDHSG","L","M","Bad","3",0
"R_1FCEcxGj2KjDHSG","L","M","Bad","5",0
"R_1FCEcxGj2KjDHSG","L","M","Neg","3",0
"R_1FCEcxGj2KjDHSG","L","M","Neg","4",0
"R_1FPmMUPaamnehZ6","A","F","Good","2",0
"R_1FPmMUPaamnehZ6","A","F","Good","3",0
"R_1FPmMUPaamnehZ6","A","F","Bad","2",1
"R_1FPmMUPaamnehZ6","A","F","Bad","6",0
"R_1FPmMUPaamnehZ6","A","F","Pos","5",1
"R_1FPmMUPaamnehZ6","A","F","Neg","6",0
"R_1FPmMUPaamnehZ6","W","M","Good","1",0
"R_1FPmMUPaamnehZ6","W","M","Bad","5",0
"R_1FPmMUPaamnehZ6","W","M","Pos","2",0
"R_1FPmMUPaamnehZ6","W","M","Pos","6",1
"R_1FPmMUPaamnehZ6","W","M","Neg","3",0
"R_1FPmMUPaamnehZ6","W","M","Neg","4",0
"R_1FPmMUPaamnehZ6","B","F","Good","5",1
"R_1FPmMUPaamnehZ6","B","F","Bad","3",0
"R_1FPmMUPaamnehZ6","B","F","Bad","4",0
"R_1FPmMUPaamnehZ6","B","F","Pos","1",0
"R_1FPmMUPaamnehZ6","B","F","Pos","4",1
"R_1FPmMUPaamnehZ6","B","F","Neg","2",1
"R_1FPmMUPaamnehZ6","L","M","Good","4",1
"R_1FPmMUPaamnehZ6","L","M","Good","6",1
"R_1FPmMUPaamnehZ6","L","M","Bad","1",1
"R_1FPmMUPaamnehZ6","L","M","Pos","3",0
"R_1FPmMUPaamnehZ6","L","M","Neg","1",1
"R_1FPmMUPaamnehZ6","L","M","Neg","5",0
"R_3J28mJIAGOHVseu","A","F","Good","6",1
"R_3J28mJIAGOHVseu","A","F","Bad","4",0
"R_3J28mJIAGOHVseu","A","F","Pos","4",1
"R_3J28mJIAGOHVseu","A","F","Pos","5",1
"R_3J28mJIAGOHVseu","A","F","Pos","6",1
"R_3J28mJIAGOHVseu","A","F","Neg","4",0
"R_3J28mJIAGOHVseu","W","M","Bad","1",1
"R_3J28mJIAGOHVseu","W","M","Bad","3",0
"R_3J28mJIAGOHVseu","W","M","Pos","1",0
"R_3J28mJIAGOHVseu","W","M","Pos","3",1
"R_3J28mJIAGOHVseu","W","M","Neg","5",0
"R_3J28mJIAGOHVseu","W","M","Neg","6",1
"R_3J28mJIAGOHVseu","B","F","Good","1",0
"R_3J28mJIAGOHVseu","B","F","Good","2",0
"R_3J28mJIAGOHVseu","B","F","Good","5",1
"R_3J28mJIAGOHVseu","B","F","Bad","6",0
"R_3J28mJIAGOHVseu","B","F","Neg","1",1
"R_3J28mJIAGOHVseu","B","F","Neg","3",1
"R_3J28mJIAGOHVseu","L","M","Good","3",1
"R_3J28mJIAGOHVseu","L","M","Good","4",1
"R_3J28mJIAGOHVseu","L","M","Bad","2",1
"R_3J28mJIAGOHVseu","L","M","Bad","5",0
"R_3J28mJIAGOHVseu","L","M","Pos","2",0
"R_3J28mJIAGOHVseu","L","M","Neg","2",1
"R_1nPCx8jhv3KkWbT","A","F","Bad","2",1
"R_1nPCx8jhv3KkWbT","A","F","Bad","3",1
"R_1nPCx8jhv3KkWbT","A","F","Bad","5",0
"R_1nPCx8jhv3KkWbT","A","F","Pos","3",0
"R_1nPCx8jhv3KkWbT","A","F","Neg","1",1
"R_1nPCx8jhv3KkWbT","A","F","Neg","6",0
"R_1nPCx8jhv3KkWbT","W","M","Good","3",0
"R_1nPCx8jhv3KkWbT","W","M","Bad","1",1
"R_1nPCx8jhv3KkWbT","W","M","Bad","4",0
"R_1nPCx8jhv3KkWbT","W","M","Pos","1",0
"R_1nPCx8jhv3KkWbT","W","M","Pos","6",1
"R_1nPCx8jhv3KkWbT","W","M","Neg","4",0
"R_1nPCx8jhv3KkWbT","B","F","Good","1",0
"R_1nPCx8jhv3KkWbT","B","F","Good","4",0
"R_1nPCx8jhv3KkWbT","B","F","Bad","6",0
"R_1nPCx8jhv3KkWbT","B","F","Pos","4",1
"R_1nPCx8jhv3KkWbT","B","F","Pos","5",1
"R_1nPCx8jhv3KkWbT","B","F","Neg","3",1
"R_1nPCx8jhv3KkWbT","L","M","Good","2",0
"R_1nPCx8jhv3KkWbT","L","M","Good","5",1
"R_1nPCx8jhv3KkWbT","L","M","Good","6",1
"R_1nPCx8jhv3KkWbT","L","M","Pos","2",0
"R_1nPCx8jhv3KkWbT","L","M","Neg","2",1
"R_1nPCx8jhv3KkWbT","L","M","Neg","5",0
"R_3FWZKpmhbIQ7tXF","A","F","Good","1",0
"R_3FWZKpmhbIQ7tXF","A","F","Good","3",0
"R_3FWZKpmhbIQ7tXF","A","F","Good","6",1
"R_3FWZKpmhbIQ7tXF","A","F","Bad","2",1
"R_3FWZKpmhbIQ7tXF","A","F","Bad","4",0
"R_3FWZKpmhbIQ7tXF","A","F","Pos","5",1
"R_3FWZKpmhbIQ7tXF","W","M","Good","5",1
"R_3FWZKpmhbIQ7tXF","W","M","Bad","1",1
"R_3FWZKpmhbIQ7tXF","W","M","Pos","4",1
"R_3FWZKpmhbIQ7tXF","W","M","Neg","2",1
"R_3FWZKpmhbIQ7tXF","W","M","Neg","3",0
"R_3FWZKpmhbIQ7tXF","W","M","Neg","5",0
"R_3FWZKpmhbIQ7tXF","B","F","Good","4",1
"R_3FWZKpmhbIQ7tXF","B","F","Bad","6",0
"R_3FWZKpmhbIQ7tXF","B","F","Pos","2",0
"R_3FWZKpmhbIQ7tXF","B","F","Pos","6",1
"R_3FWZKpmhbIQ7tXF","B","F","Neg","1",1
"R_3FWZKpmhbIQ7tXF","B","F","Neg","6",0
"R_3FWZKpmhbIQ7tXF","L","M","Good","2",0
"R_3FWZKpmhbIQ7tXF","L","M","Bad","3",0
"R_3FWZKpmhbIQ7tXF","L","M","Bad","5",0
"R_3FWZKpmhbIQ7tXF","L","M","Pos","1",0
"R_3FWZKpmhbIQ7tXF","L","M","Pos","3",0
"R_3FWZKpmhbIQ7tXF","L","M","Neg","4",0
"R_29n7MH1d1In9Unf","A","F","Bad","4",0
"R_29n7MH1d1In9Unf","A","F","Pos","2",0
"R_29n7MH1d1In9Unf","A","F","Pos","3",1
"R_29n7MH1d1In9Unf","A","F","Pos","4",1
"R_29n7MH1d1In9Unf","A","F","Pos","5",1
"R_29n7MH1d1In9Unf","A","F","Pos","6",1
"R_29n7MH1d1In9Unf","W","M","Good","1",0
"R_29n7MH1d1In9Unf","W","M","Good","2",0
"R_29n7MH1d1In9Unf","W","M","Good","3",1
"R_29n7MH1d1In9Unf","W","M","Good","6",1
"R_29n7MH1d1In9Unf","W","M","Bad","6",0
"R_29n7MH1d1In9Unf","W","M","Neg","5",0
"R_29n7MH1d1In9Unf","B","F","Good","4",1
"R_29n7MH1d1In9Unf","B","F","Bad","1",1
"R_29n7MH1d1In9Unf","B","F","Bad","3",0
"R_29n7MH1d1In9Unf","B","F","Neg","1",1
"R_29n7MH1d1In9Unf","B","F","Neg","3",0
"R_29n7MH1d1In9Unf","B","F","Neg","4",0
"R_29n7MH1d1In9Unf","L","M","Good","5",1
"R_29n7MH1d1In9Unf","L","M","Bad","2",1
"R_29n7MH1d1In9Unf","L","M","Bad","5",0
"R_29n7MH1d1In9Unf","L","M","Pos","1",0
"R_29n7MH1d1In9Unf","L","M","Neg","2",1
"R_29n7MH1d1In9Unf","L","M","Neg","6",0
"R_bEDDhe4x9OmCLJv","A","F","Good","4",1
"R_bEDDhe4x9OmCLJv","A","F","Bad","1",1
"R_bEDDhe4x9OmCLJv","A","F","Bad","6",0
"R_bEDDhe4x9OmCLJv","A","F","Pos","3",0
"R_bEDDhe4x9OmCLJv","A","F","Pos","5",1
"R_bEDDhe4x9OmCLJv","A","F","Pos","6",1
"R_bEDDhe4x9OmCLJv","W","M","Good","6",1
"R_bEDDhe4x9OmCLJv","W","M","Bad","2",1
"R_bEDDhe4x9OmCLJv","W","M","Bad","3",0
"R_bEDDhe4x9OmCLJv","W","M","Pos","4",1
"R_bEDDhe4x9OmCLJv","W","M","Neg","2",1
"R_bEDDhe4x9OmCLJv","W","M","Neg","4",0
"R_bEDDhe4x9OmCLJv","B","F","Good","2",0
"R_bEDDhe4x9OmCLJv","B","F","Good","3",0
"R_bEDDhe4x9OmCLJv","B","F","Pos","2",0
"R_bEDDhe4x9OmCLJv","B","F","Neg","1",1
"R_bEDDhe4x9OmCLJv","B","F","Neg","3",1
"R_bEDDhe4x9OmCLJv","B","F","Neg","5",0
"R_bEDDhe4x9OmCLJv","L","M","Good","1",0
"R_bEDDhe4x9OmCLJv","L","M","Good","5",1
"R_bEDDhe4x9OmCLJv","L","M","Bad","4",0
"R_bEDDhe4x9OmCLJv","L","M","Bad","5",0
"R_bEDDhe4x9OmCLJv","L","M","Pos","1",0
"R_bEDDhe4x9OmCLJv","L","M","Neg","6",0
"R_27ExFqG8ifR8sb6","A","F","Good","1",0
"R_27ExFqG8ifR8sb6","A","F","Bad","5",0
"R_27ExFqG8ifR8sb6","A","F","Bad","6",0
"R_27ExFqG8ifR8sb6","A","F","Neg","1",1
"R_27ExFqG8ifR8sb6","A","F","Neg","2",1
"R_27ExFqG8ifR8sb6","A","F","Neg","3",0
"R_27ExFqG8ifR8sb6","W","M","Good","2",0
"R_27ExFqG8ifR8sb6","W","M","Good","3",0
"R_27ExFqG8ifR8sb6","W","M","Bad","2",1
"R_27ExFqG8ifR8sb6","W","M","Bad","3",0
"R_27ExFqG8ifR8sb6","W","M","Pos","4",1
"R_27ExFqG8ifR8sb6","W","M","Pos","5",1
"R_27ExFqG8ifR8sb6","B","F","Bad","1",1
"R_27ExFqG8ifR8sb6","B","F","Bad","4",0
"R_27ExFqG8ifR8sb6","B","F","Pos","3",0
"R_27ExFqG8ifR8sb6","B","F","Pos","6",1
"R_27ExFqG8ifR8sb6","B","F","Neg","5",0
"R_27ExFqG8ifR8sb6","B","F","Neg","6",0
"R_27ExFqG8ifR8sb6","L","M","Good","4",1
"R_27ExFqG8ifR8sb6","L","M","Good","5",1
"R_27ExFqG8ifR8sb6","L","M","Good","6",1
"R_27ExFqG8ifR8sb6","L","M","Pos","1",0
"R_27ExFqG8ifR8sb6","L","M","Pos","2",0
"R_27ExFqG8ifR8sb6","L","M","Neg","4",0
"R_udMuNjNJexCfQZj","A","F","Good","2",0
"R_udMuNjNJexCfQZj","A","F","Good","3",0
"R_udMuNjNJexCfQZj","A","F","Pos","3",0
"R_udMuNjNJexCfQZj","A","F","Neg","1",1
"R_udMuNjNJexCfQZj","A","F","Neg","4",0
"R_udMuNjNJexCfQZj","A","F","Neg","6",0
"R_udMuNjNJexCfQZj","W","M","Good","1",0
"R_udMuNjNJexCfQZj","W","M","Bad","2",1
"R_udMuNjNJexCfQZj","W","M","Bad","3",1
"R_udMuNjNJexCfQZj","W","M","Bad","5",0
"R_udMuNjNJexCfQZj","W","M","Pos","1",1
"R_udMuNjNJexCfQZj","W","M","Pos","4",0
"R_udMuNjNJexCfQZj","B","F","Good","6",1
"R_udMuNjNJexCfQZj","B","F","Bad","1",1
"R_udMuNjNJexCfQZj","B","F","Bad","6",0
"R_udMuNjNJexCfQZj","B","F","Pos","5",1
"R_udMuNjNJexCfQZj","B","F","Neg","2",1
"R_udMuNjNJexCfQZj","B","F","Neg","5",0
"R_udMuNjNJexCfQZj","L","M","Good","4",1
"R_udMuNjNJexCfQZj","L","M","Good","5",1
"R_udMuNjNJexCfQZj","L","M","Bad","4",1
"R_udMuNjNJexCfQZj","L","M","Pos","2",0
"R_udMuNjNJexCfQZj","L","M","Pos","6",1
"R_udMuNjNJexCfQZj","L","M","Neg","3",0
"R_3qL0oh8pDSJDZ5q","A","F","Good","1",0
"R_3qL0oh8pDSJDZ5q","A","F","Pos","1",0
"R_3qL0oh8pDSJDZ5q","A","F","Pos","6",1
"R_3qL0oh8pDSJDZ5q","A","F","Neg","4",0
"R_3qL0oh8pDSJDZ5q","A","F","Neg","5",0
"R_3qL0oh8pDSJDZ5q","A","F","Neg","6",0
"R_3qL0oh8pDSJDZ5q","W","M","Good","2",0
"R_3qL0oh8pDSJDZ5q","W","M","Good","4",1
"R_3qL0oh8pDSJDZ5q","W","M","Pos","2",0
"R_3qL0oh8pDSJDZ5q","W","M","Pos","3",0
"R_3qL0oh8pDSJDZ5q","W","M","Pos","5",1
"R_3qL0oh8pDSJDZ5q","W","M","Neg","1",1
"R_3qL0oh8pDSJDZ5q","B","F","Bad","2",1
"R_3qL0oh8pDSJDZ5q","B","F","Bad","3",0
"R_3qL0oh8pDSJDZ5q","B","F","Bad","4",1
"R_3qL0oh8pDSJDZ5q","B","F","Bad","5",0
"R_3qL0oh8pDSJDZ5q","B","F","Pos","4",1
"R_3qL0oh8pDSJDZ5q","B","F","Neg","2",1
"R_3qL0oh8pDSJDZ5q","L","M","Good","3",0
"R_3qL0oh8pDSJDZ5q","L","M","Good","5",1
"R_3qL0oh8pDSJDZ5q","L","M","Good","6",1
"R_3qL0oh8pDSJDZ5q","L","M","Bad","1",1
"R_3qL0oh8pDSJDZ5q","L","M","Bad","6",0
"R_3qL0oh8pDSJDZ5q","L","M","Neg","3",0
"R_32JZOs4avyZzJ8t","A","F","Good","1",0
"R_32JZOs4avyZzJ8t","A","F","Good","5",1
"R_32JZOs4avyZzJ8t","A","F","Good","6",1
"R_32JZOs4avyZzJ8t","A","F","Pos","3",1
"R_32JZOs4avyZzJ8t","A","F","Pos","6",1
"R_32JZOs4avyZzJ8t","A","F","Neg","5",0
"R_32JZOs4avyZzJ8t","W","M","Good","3",0
"R_32JZOs4avyZzJ8t","W","M","Good","4",1
"R_32JZOs4avyZzJ8t","W","M","Bad","1",1
"R_32JZOs4avyZzJ8t","W","M","Bad","5",0
"R_32JZOs4avyZzJ8t","W","M","Pos","2",0
"R_32JZOs4avyZzJ8t","W","M","Neg","6",0
"R_32JZOs4avyZzJ8t","B","F","Bad","3",1
"R_32JZOs4avyZzJ8t","B","F","Bad","6",0
"R_32JZOs4avyZzJ8t","B","F","Pos","5",1
"R_32JZOs4avyZzJ8t","B","F","Neg","1",1
"R_32JZOs4avyZzJ8t","B","F","Neg","2",1
"R_32JZOs4avyZzJ8t","B","F","Neg","3",0
"R_32JZOs4avyZzJ8t","L","M","Good","2",0
"R_32JZOs4avyZzJ8t","L","M","Bad","2",1
"R_32JZOs4avyZzJ8t","L","M","Bad","4",0
"R_32JZOs4avyZzJ8t","L","M","Pos","1",0
"R_32JZOs4avyZzJ8t","L","M","Pos","4",1
"R_32JZOs4avyZzJ8t","L","M","Neg","4",0
"R_3lMO8pW4ofQnX6X","A","F","Good","3",0
"R_3lMO8pW4ofQnX6X","A","F","Bad","2",1
"R_3lMO8pW4ofQnX6X","A","F","Bad","3",1
"R_3lMO8pW4ofQnX6X","A","F","Bad","4",0
"R_3lMO8pW4ofQnX6X","A","F","Pos","5",1
"R_3lMO8pW4ofQnX6X","A","F","Neg","3",1
"R_3lMO8pW4ofQnX6X","W","M","Good","5",1
"R_3lMO8pW4ofQnX6X","W","M","Bad","6",0
"R_3lMO8pW4ofQnX6X","W","M","Pos","2",0
"R_3lMO8pW4ofQnX6X","W","M","Neg","1",1
"R_3lMO8pW4ofQnX6X","W","M","Neg","2",1
"R_3lMO8pW4ofQnX6X","W","M","Neg","5",0
"R_3lMO8pW4ofQnX6X","B","F","Good","4",1
"R_3lMO8pW4ofQnX6X","B","F","Good","6",1
"R_3lMO8pW4ofQnX6X","B","F","Pos","1",0
"R_3lMO8pW4ofQnX6X","B","F","Pos","4",1
"R_3lMO8pW4ofQnX6X","B","F","Pos","6",1
"R_3lMO8pW4ofQnX6X","B","F","Neg","4",0
"R_3lMO8pW4ofQnX6X","L","M","Good","1",0
"R_3lMO8pW4ofQnX6X","L","M","Good","2",0
"R_3lMO8pW4ofQnX6X","L","M","Bad","1",1
"R_3lMO8pW4ofQnX6X","L","M","Bad","5",0
"R_3lMO8pW4ofQnX6X","L","M","Pos","3",0
"R_3lMO8pW4ofQnX6X","L","M","Neg","6",0
"R_1CBduRKuEpTWePW","A","F","Good","5",1
"R_1CBduRKuEpTWePW","A","F","Good","6",1
"R_1CBduRKuEpTWePW","A","F","Bad","3",0
"R_1CBduRKuEpTWePW","A","F","Bad","5",0
"R_1CBduRKuEpTWePW","A","F","Pos","1",0
"R_1CBduRKuEpTWePW","A","F","Neg","5",0
"R_1CBduRKuEpTWePW","W","M","Good","1",0
"R_1CBduRKuEpTWePW","W","M","Good","4",1
"R_1CBduRKuEpTWePW","W","M","Bad","1",1
"R_1CBduRKuEpTWePW","W","M","Bad","4",0
"R_1CBduRKuEpTWePW","W","M","Pos","4",1
"R_1CBduRKuEpTWePW","W","M","Pos","6",0
"R_1CBduRKuEpTWePW","B","F","Good","2",0
"R_1CBduRKuEpTWePW","B","F","Bad","6",0
"R_1CBduRKuEpTWePW","B","F","Pos","2",0
"R_1CBduRKuEpTWePW","B","F","Pos","3",0
"R_1CBduRKuEpTWePW","B","F","Neg","1",1
"R_1CBduRKuEpTWePW","B","F","Neg","2",1
"R_1CBduRKuEpTWePW","L","M","Good","3",0
"R_1CBduRKuEpTWePW","L","M","Bad","2",1
"R_1CBduRKuEpTWePW","L","M","Pos","5",1
"R_1CBduRKuEpTWePW","L","M","Neg","3",0
"R_1CBduRKuEpTWePW","L","M","Neg","4",0
"R_1CBduRKuEpTWePW","L","M","Neg","6",0
"R_r0DRA3RxKSNY5J7","A","F","Good","2",0
"R_r0DRA3RxKSNY5J7","A","F","Good","4",1
"R_r0DRA3RxKSNY5J7","A","F","Good","6",1
"R_r0DRA3RxKSNY5J7","A","F","Bad","3",0
"R_r0DRA3RxKSNY5J7","A","F","Pos","1",0
"R_r0DRA3RxKSNY5J7","A","F","Neg","5",0
"R_r0DRA3RxKSNY5J7","W","M","Good","1",0
"R_r0DRA3RxKSNY5J7","W","M","Good","3",0
"R_r0DRA3RxKSNY5J7","W","M","Bad","6",0
"R_r0DRA3RxKSNY5J7","W","M","Pos","2",0
"R_r0DRA3RxKSNY5J7","W","M","Neg","4",0
"R_r0DRA3RxKSNY5J7","W","M","Neg","6",0
"R_r0DRA3RxKSNY5J7","B","F","Good","5",1
"R_r0DRA3RxKSNY5J7","B","F","Bad","2",1
"R_r0DRA3RxKSNY5J7","B","F","Bad","4",0
"R_r0DRA3RxKSNY5J7","B","F","Bad","5",0
"R_r0DRA3RxKSNY5J7","B","F","Pos","3",0
"R_r0DRA3RxKSNY5J7","B","F","Pos","6",1
"R_r0DRA3RxKSNY5J7","L","M","Bad","1",1
"R_r0DRA3RxKSNY5J7","L","M","Pos","4",1
"R_r0DRA3RxKSNY5J7","L","M","Pos","5",1
"R_r0DRA3RxKSNY5J7","L","M","Neg","1",1
"R_r0DRA3RxKSNY5J7","L","M","Neg","2",1
"R_r0DRA3RxKSNY5J7","L","M","Neg","3",0
"R_PBPgbej76OheVBT","A","F","Good","2",0
"R_PBPgbej76OheVBT","A","F","Bad","5",0
"R_PBPgbej76OheVBT","A","F","Bad","6",0
"R_PBPgbej76OheVBT","A","F","Pos","6",1
"R_PBPgbej76OheVBT","A","F","Neg","2",1
"R_PBPgbej76OheVBT","A","F","Neg","3",0
"R_PBPgbej76OheVBT","W","M","Good","1",0
"R_PBPgbej76OheVBT","W","M","Good","4",1
"R_PBPgbej76OheVBT","W","M","Pos","2",0
"R_PBPgbej76OheVBT","W","M","Pos","4",1
"R_PBPgbej76OheVBT","W","M","Pos","5",1
"R_PBPgbej76OheVBT","W","M","Neg","6",0
"R_PBPgbej76OheVBT","B","F","Good","3",1
"R_PBPgbej76OheVBT","B","F","Good","5",1
"R_PBPgbej76OheVBT","B","F","Bad","1",1
"R_PBPgbej76OheVBT","B","F","Bad","3",0
"R_PBPgbej76OheVBT","B","F","Bad","4",0
"R_PBPgbej76OheVBT","B","F","Neg","4",0
"R_PBPgbej76OheVBT","L","M","Good","6",1
"R_PBPgbej76OheVBT","L","M","Bad","2",1
"R_PBPgbej76OheVBT","L","M","Pos","1",0
"R_PBPgbej76OheVBT","L","M","Pos","3",0
"R_PBPgbej76OheVBT","L","M","Neg","1",1
"R_PBPgbej76OheVBT","L","M","Neg","5",0
"R_pzmwYiqR0vYWDCh","A","F","Good","1",0
"R_pzmwYiqR0vYWDCh","A","F","Bad","1",1
"R_pzmwYiqR0vYWDCh","A","F","Pos","4",1
"R_pzmwYiqR0vYWDCh","A","F","Neg","4",0
"R_pzmwYiqR0vYWDCh","A","F","Neg","5",0
"R_pzmwYiqR0vYWDCh","W","M","Bad","3",1
"R_pzmwYiqR0vYWDCh","W","M","Pos","1",0
"R_pzmwYiqR0vYWDCh","W","M","Pos","3",0
"R_pzmwYiqR0vYWDCh","W","M","Pos","6",1
"R_pzmwYiqR0vYWDCh","W","M","Neg","1",1
"R_pzmwYiqR0vYWDCh","W","M","Neg","2",1
"R_pzmwYiqR0vYWDCh","B","F","Good","4",1
"R_pzmwYiqR0vYWDCh","B","F","Good","5",1
"R_pzmwYiqR0vYWDCh","B","F","Good","6",1
"R_pzmwYiqR0vYWDCh","B","F","Bad","2",1
"R_pzmwYiqR0vYWDCh","B","F","Pos","2",0
"R_pzmwYiqR0vYWDCh","B","F","Pos","5",1
"R_pzmwYiqR0vYWDCh","L","M","Good","2",0
"R_pzmwYiqR0vYWDCh","L","M","Good","3",0
"R_pzmwYiqR0vYWDCh","L","M","Bad","5",0
"R_pzmwYiqR0vYWDCh","L","M","Bad","6",0
"R_pzmwYiqR0vYWDCh","L","M","Neg","3",0
"R_pzmwYiqR0vYWDCh","L","M","Neg","6",0
"R_2zA1WAra62ls45I","A","F","Good","5",1
"R_2zA1WAra62ls45I","A","F","Bad","1",0
"R_2zA1WAra62ls45I","A","F","Bad","4",1
"R_2zA1WAra62ls45I","A","F","Bad","5",1
"R_2zA1WAra62ls45I","A","F","Pos","2",0
"R_2zA1WAra62ls45I","A","F","Pos","3",1
"R_2zA1WAra62ls45I","W","M","Good","2",0
"R_2zA1WAra62ls45I","W","M","Good","6",1
"R_2zA1WAra62ls45I","W","M","Pos","5",1
"R_2zA1WAra62ls45I","W","M","Neg","1",0
"R_2zA1WAra62ls45I","W","M","Neg","3",0
"R_2zA1WAra62ls45I","W","M","Neg","4",1
"R_2zA1WAra62ls45I","B","F","Good","3",0
"R_2zA1WAra62ls45I","B","F","Bad","3",1
"R_2zA1WAra62ls45I","B","F","Bad","6",1
"R_2zA1WAra62ls45I","B","F","Pos","1",0
"R_2zA1WAra62ls45I","B","F","Pos","4",1
"R_2zA1WAra62ls45I","B","F","Neg","6",1
"R_2zA1WAra62ls45I","L","M","Good","1",0
"R_2zA1WAra62ls45I","L","M","Good","4",1
"R_2zA1WAra62ls45I","L","M","Bad","2",0
"R_2zA1WAra62ls45I","L","M","Pos","6",1
"R_2zA1WAra62ls45I","L","M","Neg","2",0
"R_2zA1WAra62ls45I","L","M","Neg","5",1
"R_2fLzQJt0P240tdn","A","F","Good","1",0
"R_2fLzQJt0P240tdn","A","F","Good","3",0
"R_2fLzQJt0P240tdn","A","F","Pos","2",0
"R_2fLzQJt0P240tdn","A","F","Pos","4",1
"R_2fLzQJt0P240tdn","A","F","Neg","1",1
"R_2fLzQJt0P240tdn","A","F","Neg","5",0
"R_2fLzQJt0P240tdn","W","M","Good","2",0
"R_2fLzQJt0P240tdn","W","M","Good","5",1
"R_2fLzQJt0P240tdn","W","M","Good","6",1
"R_2fLzQJt0P240tdn","W","M","Bad","2",1
"R_2fLzQJt0P240tdn","W","M","Pos","6",1
"R_2fLzQJt0P240tdn","W","M","Neg","6",0
"R_2fLzQJt0P240tdn","B","F","Good","4",1
"R_2fLzQJt0P240tdn","B","F","Bad","1",1
"R_2fLzQJt0P240tdn","B","F","Bad","5",0
"R_2fLzQJt0P240tdn","B","F","Pos","5",1
"R_2fLzQJt0P240tdn","B","F","Neg","3",1
"R_2fLzQJt0P240tdn","B","F","Neg","4",0
"R_2fLzQJt0P240tdn","L","M","Bad","3",1
"R_2fLzQJt0P240tdn","L","M","Bad","4",0
"R_2fLzQJt0P240tdn","L","M","Bad","6",0
"R_2fLzQJt0P240tdn","L","M","Pos","1",0
"R_2fLzQJt0P240tdn","L","M","Pos","3",0
"R_2fLzQJt0P240tdn","L","M","Neg","2",1
"R_273aDtjn2ThY8Fv","A","F","Good","2",0
"R_273aDtjn2ThY8Fv","A","F","Good","4",1
"R_273aDtjn2ThY8Fv","A","F","Bad","5",0
"R_273aDtjn2ThY8Fv","A","F","Pos","3",0
"R_273aDtjn2ThY8Fv","A","F","Neg","1",1
"R_273aDtjn2ThY8Fv","A","F","Neg","6",0
"R_273aDtjn2ThY8Fv","W","M","Good","1",0
"R_273aDtjn2ThY8Fv","W","M","Good","3",0
"R_273aDtjn2ThY8Fv","W","M","Bad","1",1
"R_273aDtjn2ThY8Fv","W","M","Bad","4",0
"R_273aDtjn2ThY8Fv","W","M","Bad","6",0
"R_273aDtjn2ThY8Fv","W","M","Pos","2",0
"R_273aDtjn2ThY8Fv","B","F","Good","6",1
"R_273aDtjn2ThY8Fv","B","F","Bad","2",1
"R_273aDtjn2ThY8Fv","B","F","Pos","1",0
"R_273aDtjn2ThY8Fv","B","F","Pos","4",1
"R_273aDtjn2ThY8Fv","B","F","Neg","3",1
"R_273aDtjn2ThY8Fv","B","F","Neg","5",0
"R_273aDtjn2ThY8Fv","L","M","Good","5",1
"R_273aDtjn2ThY8Fv","L","M","Bad","3",1
"R_273aDtjn2ThY8Fv","L","M","Pos","5",1
"R_273aDtjn2ThY8Fv","L","M","Pos","6",1
"R_273aDtjn2ThY8Fv","L","M","Neg","2",1
"R_273aDtjn2ThY8Fv","L","M","Neg","4",0
"R_2QhtIohyqBFDfRz","A","F","Good","2",0
"R_2QhtIohyqBFDfRz","A","F","Good","4",1
"R_2QhtIohyqBFDfRz","A","F","Bad","6",0
"R_2QhtIohyqBFDfRz","A","F","Neg","1",1
"R_2QhtIohyqBFDfRz","A","F","Neg","4",0
"R_2QhtIohyqBFDfRz","A","F","Neg","6",0
"R_2QhtIohyqBFDfRz","W","M","Bad","1",1
"R_2QhtIohyqBFDfRz","W","M","Bad","2",1
"R_2QhtIohyqBFDfRz","W","M","Bad","3",0
"R_2QhtIohyqBFDfRz","W","M","Bad","4",0
"R_2QhtIohyqBFDfRz","W","M","Pos","1",0
"R_2QhtIohyqBFDfRz","W","M","Pos","5",1
"R_2QhtIohyqBFDfRz","B","F","Good","3",1
"R_2QhtIohyqBFDfRz","B","F","Good","5",1
"R_2QhtIohyqBFDfRz","B","F","Bad","5",0
"R_2QhtIohyqBFDfRz","B","F","Pos","3",0
"R_2QhtIohyqBFDfRz","B","F","Pos","6",1
"R_2QhtIohyqBFDfRz","B","F","Neg","3",0
"R_2QhtIohyqBFDfRz","L","M","Good","1",0
"R_2QhtIohyqBFDfRz","L","M","Good","6",1
"R_2QhtIohyqBFDfRz","L","M","Pos","2",0
"R_2QhtIohyqBFDfRz","L","M","Pos","4",1
"R_2QhtIohyqBFDfRz","L","M","Neg","2",1
"R_2QhtIohyqBFDfRz","L","M","Neg","5",0
"R_3GCZZU8ca4NCSfj","A","F","Good","2",0
"R_3GCZZU8ca4NCSfj","A","F","Good","4",1
"R_3GCZZU8ca4NCSfj","A","F","Bad","4",0
"R_3GCZZU8ca4NCSfj","A","F","Pos","1",0
"R_3GCZZU8ca4NCSfj","A","F","Pos","2",0
"R_3GCZZU8ca4NCSfj","A","F","Pos","4",1
"R_3GCZZU8ca4NCSfj","W","M","Good","5",1
"R_3GCZZU8ca4NCSfj","W","M","Good","6",1
"R_3GCZZU8ca4NCSfj","W","M","Bad","5",0
"R_3GCZZU8ca4NCSfj","W","M","Pos","6",1
"R_3GCZZU8ca4NCSfj","W","M","Neg","2",1
"R_3GCZZU8ca4NCSfj","W","M","Neg","3",0
"R_3GCZZU8ca4NCSfj","B","F","Good","1",0
"R_3GCZZU8ca4NCSfj","B","F","Good","3",0
"R_3GCZZU8ca4NCSfj","B","F","Bad","2",1
"R_3GCZZU8ca4NCSfj","B","F","Pos","3",1
"R_3GCZZU8ca4NCSfj","B","F","Neg","4",0
"R_3GCZZU8ca4NCSfj","B","F","Neg","6",0
"R_3GCZZU8ca4NCSfj","L","M","Bad","1",1
"R_3GCZZU8ca4NCSfj","L","M","Bad","3",0
"R_3GCZZU8ca4NCSfj","L","M","Bad","6",0
"R_3GCZZU8ca4NCSfj","L","M","Pos","5",1
"R_3GCZZU8ca4NCSfj","L","M","Neg","1",1
"R_3GCZZU8ca4NCSfj","L","M","Neg","5",0
"R_1j7yNggjUpIBJSN","A","F","Good","3",1
"R_1j7yNggjUpIBJSN","A","F","Bad","4",0
"R_1j7yNggjUpIBJSN","A","F","Pos","2",0
"R_1j7yNggjUpIBJSN","A","F","Pos","4",1
"R_1j7yNggjUpIBJSN","A","F","Neg","2",1
"R_1j7yNggjUpIBJSN","A","F","Neg","3",1
"R_1j7yNggjUpIBJSN","W","M","Good","2",1
"R_1j7yNggjUpIBJSN","W","M","Good","6",1
"R_1j7yNggjUpIBJSN","W","M","Bad","2",1
"R_1j7yNggjUpIBJSN","W","M","Bad","3",1
"R_1j7yNggjUpIBJSN","W","M","Bad","6",1
"R_1j7yNggjUpIBJSN","W","M","Neg","5",1
"R_1j7yNggjUpIBJSN","B","F","Good","1",1
"R_1j7yNggjUpIBJSN","B","F","Good","5",0
"R_1j7yNggjUpIBJSN","B","F","Pos","1",1
"R_1j7yNggjUpIBJSN","B","F","Pos","6",1
"R_1j7yNggjUpIBJSN","B","F","Neg","4",1
"R_1j7yNggjUpIBJSN","B","F","Neg","6",0
"R_1j7yNggjUpIBJSN","L","M","Good","4",0
"R_1j7yNggjUpIBJSN","L","M","Bad","1",1
"R_1j7yNggjUpIBJSN","L","M","Bad","5",1
"R_1j7yNggjUpIBJSN","L","M","Pos","3",1
"R_1j7yNggjUpIBJSN","L","M","Pos","5",1
"R_1j7yNggjUpIBJSN","L","M","Neg","1",0
"R_10IMS7c2CpMg1Fv","A","F","Good","5",1
"R_10IMS7c2CpMg1Fv","A","F","Good","6",1
"R_10IMS7c2CpMg1Fv","A","F","Bad","5",0
"R_10IMS7c2CpMg1Fv","A","F","Bad","6",1
"R_10IMS7c2CpMg1Fv","A","F","Pos","1",1
"R_10IMS7c2CpMg1Fv","A","F","Neg","4",1
"R_10IMS7c2CpMg1Fv","W","M","Good","3",1
"R_10IMS7c2CpMg1Fv","W","M","Bad","3",0
"R_10IMS7c2CpMg1Fv","W","M","Bad","4",0
"R_10IMS7c2CpMg1Fv","W","M","Pos","4",1
"R_10IMS7c2CpMg1Fv","W","M","Pos","6",1
"R_10IMS7c2CpMg1Fv","W","M","Neg","3",0
"R_10IMS7c2CpMg1Fv","B","F","Good","2",1
"R_10IMS7c2CpMg1Fv","B","F","Good","4",1
"R_10IMS7c2CpMg1Fv","B","F","Bad","2",0
"R_10IMS7c2CpMg1Fv","B","F","Pos","3",1
"R_10IMS7c2CpMg1Fv","B","F","Neg","2",1
"R_10IMS7c2CpMg1Fv","B","F","Neg","5",1
"R_10IMS7c2CpMg1Fv","L","M","Good","1",1
"R_10IMS7c2CpMg1Fv","L","M","Bad","1",1
"R_10IMS7c2CpMg1Fv","L","M","Pos","2",1
"R_10IMS7c2CpMg1Fv","L","M","Pos","5",1
"R_10IMS7c2CpMg1Fv","L","M","Neg","1",1
"R_10IMS7c2CpMg1Fv","L","M","Neg","6",0
"R_oYbxHH9i0oeSImZ","A","F","Good","1",0
"R_oYbxHH9i0oeSImZ","A","F","Good","2",0
"R_oYbxHH9i0oeSImZ","A","F","Good","3",0
"R_oYbxHH9i0oeSImZ","A","F","Bad","2",1
"R_oYbxHH9i0oeSImZ","A","F","Neg","1",1
"R_oYbxHH9i0oeSImZ","A","F","Neg","3",0
"R_oYbxHH9i0oeSImZ","W","M","Good","5",1
"R_oYbxHH9i0oeSImZ","W","M","Bad","6",0
"R_oYbxHH9i0oeSImZ","W","M","Pos","1",0
"R_oYbxHH9i0oeSImZ","W","M","Pos","5",1
"R_oYbxHH9i0oeSImZ","W","M","Neg","5",0
"R_oYbxHH9i0oeSImZ","W","M","Neg","6",0
"R_oYbxHH9i0oeSImZ","B","F","Good","4",1
"R_oYbxHH9i0oeSImZ","B","F","Bad","3",0
"R_oYbxHH9i0oeSImZ","B","F","Bad","4",0
"R_oYbxHH9i0oeSImZ","B","F","Bad","5",0
"R_oYbxHH9i0oeSImZ","B","F","Pos","4",1
"R_oYbxHH9i0oeSImZ","B","F","Pos","6",1
"R_oYbxHH9i0oeSImZ","L","M","Good","6",1
"R_oYbxHH9i0oeSImZ","L","M","Bad","1",1
"R_oYbxHH9i0oeSImZ","L","M","Pos","2",0
"R_oYbxHH9i0oeSImZ","L","M","Pos","3",0
"R_oYbxHH9i0oeSImZ","L","M","Neg","2",1
"R_oYbxHH9i0oeSImZ","L","M","Neg","4",0
"R_1FgIAgIkUwTOoKO","A","F","Good","4",1
"R_1FgIAgIkUwTOoKO","A","F","Good","5",1
"R_1FgIAgIkUwTOoKO","A","F","Bad","2",1
"R_1FgIAgIkUwTOoKO","A","F","Bad","3",0
"R_1FgIAgIkUwTOoKO","A","F","Neg","2",1
"R_1FgIAgIkUwTOoKO","A","F","Neg","6",0
"R_1FgIAgIkUwTOoKO","W","M","Pos","1",0
"R_1FgIAgIkUwTOoKO","W","M","Pos","2",0
"R_1FgIAgIkUwTOoKO","W","M","Pos","3",0
"R_1FgIAgIkUwTOoKO","W","M","Pos","5",1
"R_1FgIAgIkUwTOoKO","W","M","Neg","1",1
"R_1FgIAgIkUwTOoKO","W","M","Neg","5",0
"R_1FgIAgIkUwTOoKO","B","F","Good","1",0
"R_1FgIAgIkUwTOoKO","B","F","Good","6",1
"R_1FgIAgIkUwTOoKO","B","F","Bad","1",1
"R_1FgIAgIkUwTOoKO","B","F","Bad","4",0
"R_1FgIAgIkUwTOoKO","B","F","Bad","5",0
"R_1FgIAgIkUwTOoKO","B","F","Neg","3",0
"R_1FgIAgIkUwTOoKO","L","M","Good","2",0
"R_1FgIAgIkUwTOoKO","L","M","Good","3",0
"R_1FgIAgIkUwTOoKO","L","M","Bad","6",0
"R_1FgIAgIkUwTOoKO","L","M","Pos","4",1
"R_1FgIAgIkUwTOoKO","L","M","Pos","6",1
"R_1FgIAgIkUwTOoKO","L","M","Neg","4",0
"R_3mjxExvb0Jmrdu9","A","F","Good","4",1
"R_3mjxExvb0Jmrdu9","A","F","Good","5",1
"R_3mjxExvb0Jmrdu9","A","F","Bad","6",0
"R_3mjxExvb0Jmrdu9","A","F","Pos","1",0
"R_3mjxExvb0Jmrdu9","A","F","Pos","6",1
"R_3mjxExvb0Jmrdu9","W","M","Good","3",0
"R_3mjxExvb0Jmrdu9","W","M","Bad","2",0
"R_3mjxExvb0Jmrdu9","W","M","Bad","5",0
"R_3mjxExvb0Jmrdu9","W","M","Pos","5",1
"R_3mjxExvb0Jmrdu9","W","M","Neg","5",0
"R_3mjxExvb0Jmrdu9","W","M","Neg","6",0
"R_3mjxExvb0Jmrdu9","B","F","Good","2",0
"R_3mjxExvb0Jmrdu9","B","F","Bad","1",1
"R_3mjxExvb0Jmrdu9","B","F","Bad","3",0
"R_3mjxExvb0Jmrdu9","B","F","Pos","3",0
"R_3mjxExvb0Jmrdu9","B","F","Neg","1",1
"R_3mjxExvb0Jmrdu9","B","F","Neg","2",1
"R_3mjxExvb0Jmrdu9","L","M","Good","1",0
"R_3mjxExvb0Jmrdu9","L","M","Good","6",1
"R_3mjxExvb0Jmrdu9","L","M","Pos","2",0
"R_3mjxExvb0Jmrdu9","L","M","Pos","4",1
"R_3mjxExvb0Jmrdu9","L","M","Neg","3",0
"R_3mjxExvb0Jmrdu9","L","M","Neg","4",0
"R_VQhd9vm57B5uSvn","A","F","Good","1",0
"R_VQhd9vm57B5uSvn","A","F","Good","6",1
"R_VQhd9vm57B5uSvn","A","F","Bad","1",1
"R_VQhd9vm57B5uSvn","A","F","Bad","5",0
"R_VQhd9vm57B5uSvn","A","F","Pos","2",0
"R_VQhd9vm57B5uSvn","A","F","Pos","3",0
"R_VQhd9vm57B5uSvn","W","M","Good","4",0
"R_VQhd9vm57B5uSvn","W","M","Pos","1",0
"R_VQhd9vm57B5uSvn","W","M","Pos","5",1
"R_VQhd9vm57B5uSvn","W","M","Neg","1",1
"R_VQhd9vm57B5uSvn","W","M","Neg","3",1
"R_VQhd9vm57B5uSvn","W","M","Neg","4",0
"R_VQhd9vm57B5uSvn","B","F","Good","3",0
"R_VQhd9vm57B5uSvn","B","F","Good","5",1
"R_VQhd9vm57B5uSvn","B","F","Bad","2",1
"R_VQhd9vm57B5uSvn","B","F","Bad","4",0
"R_VQhd9vm57B5uSvn","B","F","Pos","6",1
"R_VQhd9vm57B5uSvn","B","F","Neg","5",0
"R_VQhd9vm57B5uSvn","L","M","Good","2",0
"R_VQhd9vm57B5uSvn","L","M","Bad","3",1
"R_VQhd9vm57B5uSvn","L","M","Bad","6",0
"R_VQhd9vm57B5uSvn","L","M","Pos","4",0
"R_VQhd9vm57B5uSvn","L","M","Neg","2",1
"R_VQhd9vm57B5uSvn","L","M","Neg","6",0
"R_3J4THxkPNPZ1nxc","A","F","Good","3",0
"R_3J4THxkPNPZ1nxc","A","F","Good","6",1
"R_3J4THxkPNPZ1nxc","A","F","Bad","1",1
"R_3J4THxkPNPZ1nxc","A","F","Bad","6",0
"R_3J4THxkPNPZ1nxc","A","F","Pos","1",0
"R_3J4THxkPNPZ1nxc","A","F","Neg","2",1
"R_3J4THxkPNPZ1nxc","W","M","Good","2",0
"R_3J4THxkPNPZ1nxc","W","M","Good","4",1
"R_3J4THxkPNPZ1nxc","W","M","Bad","3",0
"R_3J4THxkPNPZ1nxc","W","M","Bad","5",0
"R_3J4THxkPNPZ1nxc","W","M","Pos","3",0
"R_3J4THxkPNPZ1nxc","W","M","Pos","5",1
"R_3J4THxkPNPZ1nxc","B","F","Good","1",0
"R_3J4THxkPNPZ1nxc","B","F","Bad","4",0
"R_3J4THxkPNPZ1nxc","B","F","Pos","2",0
"R_3J4THxkPNPZ1nxc","B","F","Neg","1",1
"R_3J4THxkPNPZ1nxc","B","F","Neg","4",0
"R_3J4THxkPNPZ1nxc","B","F","Neg","5",0
"R_3J4THxkPNPZ1nxc","L","M","Good","5",1
"R_3J4THxkPNPZ1nxc","L","M","Bad","2",1
"R_3J4THxkPNPZ1nxc","L","M","Pos","4",0
"R_3J4THxkPNPZ1nxc","L","M","Pos","6",1
"R_3J4THxkPNPZ1nxc","L","M","Neg","3",0
"R_3J4THxkPNPZ1nxc","L","M","Neg","6",0
"R_pE6h5bV3f6BLSSJ","A","F","Good","4",1
"R_pE6h5bV3f6BLSSJ","A","F","Good","6",1
"R_pE6h5bV3f6BLSSJ","A","F","Bad","2",1
"R_pE6h5bV3f6BLSSJ","A","F","Bad","3",1
"R_pE6h5bV3f6BLSSJ","A","F","Pos","2",0
"R_pE6h5bV3f6BLSSJ","A","F","Neg","4",0
"R_pE6h5bV3f6BLSSJ","W","M","Good","5",1
"R_pE6h5bV3f6BLSSJ","W","M","Pos","4",1
"R_pE6h5bV3f6BLSSJ","W","M","Neg","1",1
"R_pE6h5bV3f6BLSSJ","W","M","Neg","2",1
"R_pE6h5bV3f6BLSSJ","W","M","Neg","3",1
"R_pE6h5bV3f6BLSSJ","W","M","Neg","6",0
"R_pE6h5bV3f6BLSSJ","B","F","Good","1",0
"R_pE6h5bV3f6BLSSJ","B","F","Good","2",0
"R_pE6h5bV3f6BLSSJ","B","F","Bad","4",0
"R_pE6h5bV3f6BLSSJ","B","F","Bad","5",0
"R_pE6h5bV3f6BLSSJ","B","F","Pos","1",0
"R_pE6h5bV3f6BLSSJ","B","F","Pos","5",1
"R_pE6h5bV3f6BLSSJ","L","M","Good","3",0
"R_pE6h5bV3f6BLSSJ","L","M","Bad","1",1
"R_pE6h5bV3f6BLSSJ","L","M","Bad","6",0
"R_pE6h5bV3f6BLSSJ","L","M","Pos","3",0
"R_pE6h5bV3f6BLSSJ","L","M","Pos","6",1
"R_pE6h5bV3f6BLSSJ","L","M","Neg","5",0
"R_1LIDIGl2UjEi5VI","A","F","Good","2",0
"R_1LIDIGl2UjEi5VI","A","F","Bad","3",1
"R_1LIDIGl2UjEi5VI","A","F","Pos","3",0
"R_1LIDIGl2UjEi5VI","A","F","Pos","5",1
"R_1LIDIGl2UjEi5VI","A","F","Pos","6",1
"R_1LIDIGl2UjEi5VI","A","F","Neg","5",0
"R_1LIDIGl2UjEi5VI","W","M","Good","1",0
"R_1LIDIGl2UjEi5VI","W","M","Bad","5",0
"R_1LIDIGl2UjEi5VI","W","M","Pos","2",0
"R_1LIDIGl2UjEi5VI","W","M","Neg","2",1
"R_1LIDIGl2UjEi5VI","W","M","Neg","3",1
"R_1LIDIGl2UjEi5VI","W","M","Neg","4",0
"R_1LIDIGl2UjEi5VI","B","F","Good","3",0
"R_1LIDIGl2UjEi5VI","B","F","Good","4",1
"R_1LIDIGl2UjEi5VI","B","F","Bad","2",1
"R_1LIDIGl2UjEi5VI","B","F","Pos","1",0
"R_1LIDIGl2UjEi5VI","B","F","Neg","1",1
"R_1LIDIGl2UjEi5VI","B","F","Neg","6",0
"R_1LIDIGl2UjEi5VI","L","M","Good","5",1
"R_1LIDIGl2UjEi5VI","L","M","Good","6",1
"R_1LIDIGl2UjEi5VI","L","M","Bad","1",1
"R_1LIDIGl2UjEi5VI","L","M","Bad","4",0
"R_1LIDIGl2UjEi5VI","L","M","Bad","6",0
"R_1LIDIGl2UjEi5VI","L","M","Pos","4",1
"R_3EQ0KJCFURzubZp","A","F","Good","1",0
"R_3EQ0KJCFURzubZp","A","F","Bad","1",1
"R_3EQ0KJCFURzubZp","A","F","Bad","3",1
"R_3EQ0KJCFURzubZp","A","F","Bad","5",0
"R_3EQ0KJCFURzubZp","A","F","Pos","1",0
"R_3EQ0KJCFURzubZp","A","F","Pos","5",1
"R_3EQ0KJCFURzubZp","W","M","Good","4",1
"R_3EQ0KJCFURzubZp","W","M","Bad","6",0
"R_3EQ0KJCFURzubZp","W","M","Pos","2",0
"R_3EQ0KJCFURzubZp","W","M","Pos","3",1
"R_3EQ0KJCFURzubZp","W","M","Neg","1",1
"R_3EQ0KJCFURzubZp","W","M","Neg","2",1
"R_3EQ0KJCFURzubZp","B","F","Good","2",0
"R_3EQ0KJCFURzubZp","B","F","Good","5",1
"R_3EQ0KJCFURzubZp","B","F","Good","6",1
"R_3EQ0KJCFURzubZp","B","F","Neg","3",1
"R_3EQ0KJCFURzubZp","B","F","Neg","4",0
"R_3EQ0KJCFURzubZp","B","F","Neg","6",0
"R_3EQ0KJCFURzubZp","L","M","Good","3",0
"R_3EQ0KJCFURzubZp","L","M","Bad","2",1
"R_3EQ0KJCFURzubZp","L","M","Bad","4",0
"R_3EQ0KJCFURzubZp","L","M","Pos","4",1
"R_3EQ0KJCFURzubZp","L","M","Pos","6",1
"R_3EQ0KJCFURzubZp","L","M","Neg","5",0
"R_ZajmJ4CBl54rYB3","A","F","Good","2",0
"R_ZajmJ4CBl54rYB3","A","F","Good","3",0
"R_ZajmJ4CBl54rYB3","A","F","Good","6",1
"R_ZajmJ4CBl54rYB3","A","F","Bad","6",0
"R_ZajmJ4CBl54rYB3","A","F","Neg","3",1
"R_ZajmJ4CBl54rYB3","A","F","Neg","4",0
"R_ZajmJ4CBl54rYB3","W","M","Good","5",1
"R_ZajmJ4CBl54rYB3","W","M","Bad","1",1
"R_ZajmJ4CBl54rYB3","W","M","Bad","2",1
"R_ZajmJ4CBl54rYB3","W","M","Pos","3",1
"R_ZajmJ4CBl54rYB3","W","M","Pos","4",1
"R_ZajmJ4CBl54rYB3","W","M","Neg","5",0
"R_ZajmJ4CBl54rYB3","B","F","Good","1",0
"R_ZajmJ4CBl54rYB3","B","F","Bad","3",0
"R_ZajmJ4CBl54rYB3","B","F","Bad","4",0
"R_ZajmJ4CBl54rYB3","B","F","Pos","2",0
"R_ZajmJ4CBl54rYB3","B","F","Pos","6",1
"R_ZajmJ4CBl54rYB3","B","F","Neg","2",1
"R_ZajmJ4CBl54rYB3","L","M","Good","4",1
"R_ZajmJ4CBl54rYB3","L","M","Bad","5",0
"R_ZajmJ4CBl54rYB3","L","M","Pos","1",0
"R_ZajmJ4CBl54rYB3","L","M","Pos","5",1
"R_ZajmJ4CBl54rYB3","L","M","Neg","1",1
"R_ZajmJ4CBl54rYB3","L","M","Neg","6",0
"R_w1PoBneqFDkU4Hn","A","F","Good","3",0
"R_w1PoBneqFDkU4Hn","A","F","Good","4",1
"R_w1PoBneqFDkU4Hn","A","F","Bad","1",1
"R_w1PoBneqFDkU4Hn","A","F","Bad","2",1
"R_w1PoBneqFDkU4Hn","A","F","Bad","4",0
"R_w1PoBneqFDkU4Hn","A","F","Neg","3",1
"R_w1PoBneqFDkU4Hn","W","M","Good","2",0
"R_w1PoBneqFDkU4Hn","W","M","Good","6",1
"R_w1PoBneqFDkU4Hn","W","M","Bad","5",0
"R_w1PoBneqFDkU4Hn","W","M","Pos","1",0
"R_w1PoBneqFDkU4Hn","W","M","Pos","6",1
"R_w1PoBneqFDkU4Hn","W","M","Neg","6",0
"R_w1PoBneqFDkU4Hn","B","F","Bad","6",0
"R_w1PoBneqFDkU4Hn","B","F","Pos","2",0
"R_w1PoBneqFDkU4Hn","B","F","Pos","3",1
"R_w1PoBneqFDkU4Hn","B","F","Neg","1",1
"R_w1PoBneqFDkU4Hn","B","F","Neg","2",1
"R_w1PoBneqFDkU4Hn","B","F","Neg","4",0
"R_w1PoBneqFDkU4Hn","L","M","Good","1",0
"R_w1PoBneqFDkU4Hn","L","M","Good","5",1
"R_w1PoBneqFDkU4Hn","L","M","Bad","3",0
"R_w1PoBneqFDkU4Hn","L","M","Pos","4",1
"R_w1PoBneqFDkU4Hn","L","M","Pos","5",1
"R_w1PoBneqFDkU4Hn","L","M","Neg","5",0
"R_shPdIHlWejhsL5L","A","F","Good","5",1
"R_shPdIHlWejhsL5L","A","F","Bad","1",1
"R_shPdIHlWejhsL5L","A","F","Bad","3",0
"R_shPdIHlWejhsL5L","A","F","Pos","2",0
"R_shPdIHlWejhsL5L","A","F","Pos","6",0
"R_shPdIHlWejhsL5L","A","F","Neg","1",0
"R_shPdIHlWejhsL5L","W","M","Good","1",0
"R_shPdIHlWejhsL5L","W","M","Good","3",0
"R_shPdIHlWejhsL5L","W","M","Bad","4",0
"R_shPdIHlWejhsL5L","W","M","Bad","6",0
"R_shPdIHlWejhsL5L","W","M","Pos","3",0
"R_shPdIHlWejhsL5L","W","M","Neg","3",0
"R_shPdIHlWejhsL5L","B","F","Good","4",1
"R_shPdIHlWejhsL5L","B","F","Good","6",1
"R_shPdIHlWejhsL5L","B","F","Bad","5",0
"R_shPdIHlWejhsL5L","B","F","Pos","4",1
"R_shPdIHlWejhsL5L","B","F","Pos","5",1
"R_shPdIHlWejhsL5L","B","F","Neg","6",0
"R_shPdIHlWejhsL5L","L","M","Good","2",0
"R_shPdIHlWejhsL5L","L","M","Bad","2",1
"R_shPdIHlWejhsL5L","L","M","Pos","1",0
"R_shPdIHlWejhsL5L","L","M","Neg","2",1
"R_shPdIHlWejhsL5L","L","M","Neg","4",0
"R_shPdIHlWejhsL5L","L","M","Neg","5",0
"R_3Eh7iigvfrn0FZC","A","F","Good","1",0
"R_3Eh7iigvfrn0FZC","A","F","Good","3",0
"R_3Eh7iigvfrn0FZC","A","F","Pos","4",1
"R_3Eh7iigvfrn0FZC","A","F","Pos","5",1
"R_3Eh7iigvfrn0FZC","A","F","Neg","4",0
"R_3Eh7iigvfrn0FZC","A","F","Neg","6",0
"R_3Eh7iigvfrn0FZC","W","M","Good","2",0
"R_3Eh7iigvfrn0FZC","W","M","Bad","1",0
"R_3Eh7iigvfrn0FZC","W","M","Bad","6",0
"R_3Eh7iigvfrn0FZC","W","M","Pos","6",1
"R_3Eh7iigvfrn0FZC","W","M","Neg","1",1
"R_3Eh7iigvfrn0FZC","W","M","Neg","3",0
"R_3Eh7iigvfrn0FZC","B","F","Good","5",1
"R_3Eh7iigvfrn0FZC","B","F","Bad","2",1
"R_3Eh7iigvfrn0FZC","B","F","Bad","3",0
"R_3Eh7iigvfrn0FZC","B","F","Bad","5",0
"R_3Eh7iigvfrn0FZC","B","F","Pos","1",0
"R_3Eh7iigvfrn0FZC","B","F","Pos","3",0
"R_3Eh7iigvfrn0FZC","L","M","Good","4",1
"R_3Eh7iigvfrn0FZC","L","M","Good","6",1
"R_3Eh7iigvfrn0FZC","L","M","Bad","4",0
"R_3Eh7iigvfrn0FZC","L","M","Pos","2",0
"R_3Eh7iigvfrn0FZC","L","M","Neg","2",1
"R_3Eh7iigvfrn0FZC","L","M","Neg","5",0
"R_VViDzj2UldRU5Wx","A","F","Bad","3",0
"R_VViDzj2UldRU5Wx","A","F","Bad","4",0
"R_VViDzj2UldRU5Wx","A","F","Pos","1",0
"R_VViDzj2UldRU5Wx","A","F","Neg","1",1
"R_VViDzj2UldRU5Wx","A","F","Neg","3",0
"R_VViDzj2UldRU5Wx","A","F","Neg","4",0
"R_VViDzj2UldRU5Wx","W","M","Good","5",1
"R_VViDzj2UldRU5Wx","W","M","Bad","5",0
"R_VViDzj2UldRU5Wx","W","M","Bad","6",0
"R_VViDzj2UldRU5Wx","W","M","Pos","2",0
"R_VViDzj2UldRU5Wx","W","M","Pos","3",0
"R_VViDzj2UldRU5Wx","W","M","Neg","2",1
"R_VViDzj2UldRU5Wx","B","F","Good","2",0
"R_VViDzj2UldRU5Wx","B","F","Good","4",1
"R_VViDzj2UldRU5Wx","B","F","Good","6",1
"R_VViDzj2UldRU5Wx","B","F","Bad","1",1
"R_VViDzj2UldRU5Wx","B","F","Pos","4",1
"R_VViDzj2UldRU5Wx","B","F","Neg","5",0
"R_VViDzj2UldRU5Wx","L","M","Good","1",0
"R_VViDzj2UldRU5Wx","L","M","Good","3",0
"R_VViDzj2UldRU5Wx","L","M","Bad","2",1
"R_VViDzj2UldRU5Wx","L","M","Pos","5",1
"R_VViDzj2UldRU5Wx","L","M","Pos","6",1
"R_VViDzj2UldRU5Wx","L","M","Neg","6",0
"R_2E4a4WfEL7Y6jiH","A","F","Good","2",0
"R_2E4a4WfEL7Y6jiH","A","F","Good","6",1
"R_2E4a4WfEL7Y6jiH","A","F","Pos","1",0
"R_2E4a4WfEL7Y6jiH","A","F","Pos","3",0
"R_2E4a4WfEL7Y6jiH","A","F","Pos","5",1
"R_2E4a4WfEL7Y6jiH","A","F","Neg","6",0
"R_2E4a4WfEL7Y6jiH","W","M","Good","4",1
"R_2E4a4WfEL7Y6jiH","W","M","Bad","2",1
"R_2E4a4WfEL7Y6jiH","W","M","Bad","4",0
"R_2E4a4WfEL7Y6jiH","W","M","Pos","4",1
"R_2E4a4WfEL7Y6jiH","W","M","Neg","2",1
"R_2E4a4WfEL7Y6jiH","W","M","Neg","4",0
"R_2E4a4WfEL7Y6jiH","B","F","Good","1",0
"R_2E4a4WfEL7Y6jiH","B","F","Good","3",0
"R_2E4a4WfEL7Y6jiH","B","F","Bad","5",0
"R_2E4a4WfEL7Y6jiH","B","F","Pos","2",0
"R_2E4a4WfEL7Y6jiH","B","F","Pos","6",1
"R_2E4a4WfEL7Y6jiH","B","F","Neg","5",0
"R_2E4a4WfEL7Y6jiH","L","M","Good","5",1
"R_2E4a4WfEL7Y6jiH","L","M","Bad","1",1
"R_2E4a4WfEL7Y6jiH","L","M","Bad","3",1
"R_2E4a4WfEL7Y6jiH","L","M","Bad","6",0
"R_2E4a4WfEL7Y6jiH","L","M","Neg","1",1
"R_2E4a4WfEL7Y6jiH","L","M","Neg","3",1
"R_1LtlSBm0uD161PY","A","F","Good","3",0
"R_1LtlSBm0uD161PY","A","F","Good","5",1
"R_1LtlSBm0uD161PY","A","F","Bad","1",1
"R_1LtlSBm0uD161PY","A","F","Bad","2",1
"R_1LtlSBm0uD161PY","A","F","Pos","4",1
"R_1LtlSBm0uD161PY","A","F","Neg","5",0
"R_1LtlSBm0uD161PY","W","M","Good","6",0
"R_1LtlSBm0uD161PY","W","M","Bad","4",0
"R_1LtlSBm0uD161PY","W","M","Bad","6",0
"R_1LtlSBm0uD161PY","W","M","Pos","1",0
"R_1LtlSBm0uD161PY","W","M","Pos","3",0
"R_1LtlSBm0uD161PY","W","M","Neg","1",1
"R_1LtlSBm0uD161PY","B","F","Good","2",0
"R_1LtlSBm0uD161PY","B","F","Bad","3",0
"R_1LtlSBm0uD161PY","B","F","Bad","5",0
"R_1LtlSBm0uD161PY","B","F","Pos","5",1
"R_1LtlSBm0uD161PY","B","F","Neg","2",0
"R_1LtlSBm0uD161PY","B","F","Neg","6",0
"R_1LtlSBm0uD161PY","L","M","Good","1",1
"R_1LtlSBm0uD161PY","L","M","Good","4",1
"R_1LtlSBm0uD161PY","L","M","Pos","2",0
"R_1LtlSBm0uD161PY","L","M","Pos","6",1
"R_1LtlSBm0uD161PY","L","M","Neg","3",0
"R_1LtlSBm0uD161PY","L","M","Neg","4",0
"R_2B3fX8gDutbxKAm","A","F","Good","1",0
"R_2B3fX8gDutbxKAm","A","F","Bad","2",1
"R_2B3fX8gDutbxKAm","A","F","Pos","6",1
"R_2B3fX8gDutbxKAm","A","F","Neg","1",1
"R_2B3fX8gDutbxKAm","A","F","Neg","2",1
"R_2B3fX8gDutbxKAm","A","F","Neg","3",0
"R_2B3fX8gDutbxKAm","W","M","Good","5",1
"R_2B3fX8gDutbxKAm","W","M","Bad","4",0
"R_2B3fX8gDutbxKAm","W","M","Pos","2",0
"R_2B3fX8gDutbxKAm","W","M","Neg","4",0
"R_2B3fX8gDutbxKAm","W","M","Neg","5",0
"R_2B3fX8gDutbxKAm","W","M","Neg","6",0
"R_2B3fX8gDutbxKAm","B","F","Good","6",1
"R_2B3fX8gDutbxKAm","B","F","Bad","3",0
"R_2B3fX8gDutbxKAm","B","F","Bad","6",0
"R_2B3fX8gDutbxKAm","B","F","Pos","3",0
"R_2B3fX8gDutbxKAm","B","F","Pos","4",1
"R_2B3fX8gDutbxKAm","B","F","Pos","5",1
"R_2B3fX8gDutbxKAm","L","M","Good","2",0
"R_2B3fX8gDutbxKAm","L","M","Good","3",0
"R_2B3fX8gDutbxKAm","L","M","Good","4",1
"R_2B3fX8gDutbxKAm","L","M","Bad","1",1
"R_2B3fX8gDutbxKAm","L","M","Bad","5",0
"R_2B3fX8gDutbxKAm","L","M","Pos","1",0
"R_3Q273b6ZuV5ylgt","A","F","Good","4",1
"R_3Q273b6ZuV5ylgt","A","F","Bad","4",0
"R_3Q273b6ZuV5ylgt","A","F","Pos","5",1
"R_3Q273b6ZuV5ylgt","A","F","Neg","1",1
"R_3Q273b6ZuV5ylgt","A","F","Neg","2",1
"R_3Q273b6ZuV5ylgt","A","F","Neg","5",0
"R_3Q273b6ZuV5ylgt","W","M","Good","1",1
"R_3Q273b6ZuV5ylgt","W","M","Good","6",0
"R_3Q273b6ZuV5ylgt","W","M","Bad","1",1
"R_3Q273b6ZuV5ylgt","W","M","Bad","3",1
"R_3Q273b6ZuV5ylgt","W","M","Bad","5",1
"R_3Q273b6ZuV5ylgt","W","M","Pos","4",1
"R_3Q273b6ZuV5ylgt","B","F","Good","2",1
"R_3Q273b6ZuV5ylgt","B","F","Bad","6",0
"R_3Q273b6ZuV5ylgt","B","F","Pos","1",0
"R_3Q273b6ZuV5ylgt","B","F","Pos","2",0
"R_3Q273b6ZuV5ylgt","B","F","Neg","3",1
"R_3Q273b6ZuV5ylgt","B","F","Neg","4",0
"R_3Q273b6ZuV5ylgt","L","M","Good","3",0
"R_3Q273b6ZuV5ylgt","L","M","Good","5",1
"R_3Q273b6ZuV5ylgt","L","M","Bad","2",1
"R_3Q273b6ZuV5ylgt","L","M","Pos","3",0
"R_3Q273b6ZuV5ylgt","L","M","Pos","6",1
"R_3Q273b6ZuV5ylgt","L","M","Neg","6",0
"R_2CqSVpG4jNc0wJq","A","F","Good","1",0
"R_2CqSVpG4jNc0wJq","A","F","Good","2",0
"R_2CqSVpG4jNc0wJq","A","F","Good","5",1
"R_2CqSVpG4jNc0wJq","A","F","Bad","1",1
"R_2CqSVpG4jNc0wJq","A","F","Bad","5",0
"R_2CqSVpG4jNc0wJq","A","F","Pos","2",0
"R_2CqSVpG4jNc0wJq","W","M","Good","4",1
"R_2CqSVpG4jNc0wJq","W","M","Good","6",1
"R_2CqSVpG4jNc0wJq","W","M","Pos","1",0
"R_2CqSVpG4jNc0wJq","W","M","Pos","5",1
"R_2CqSVpG4jNc0wJq","W","M","Neg","3",1
"R_2CqSVpG4jNc0wJq","B","F","Bad","2",1
"R_2CqSVpG4jNc0wJq","B","F","Bad","6",0
"R_2CqSVpG4jNc0wJq","B","F","Pos","6",1
"R_2CqSVpG4jNc0wJq","B","F","Neg","1",1
"R_2CqSVpG4jNc0wJq","B","F","Neg","2",1
"R_2CqSVpG4jNc0wJq","B","F","Neg","6",0
"R_2CqSVpG4jNc0wJq","L","M","Good","3",0
"R_2CqSVpG4jNc0wJq","L","M","Bad","3",0
"R_2CqSVpG4jNc0wJq","L","M","Pos","3",0
"R_2CqSVpG4jNc0wJq","L","M","Pos","4",1
"R_2CqSVpG4jNc0wJq","L","M","Neg","4",0
"R_2CqSVpG4jNc0wJq","L","M","Neg","5",0
"R_20ZnNNUfkEktGcd","A","F","Good","2",0
"R_20ZnNNUfkEktGcd","A","F","Bad","4",0
"R_20ZnNNUfkEktGcd","A","F","Bad","5",0
"R_20ZnNNUfkEktGcd","A","F","Bad","6",0
"R_20ZnNNUfkEktGcd","A","F","Pos","2",0
"R_20ZnNNUfkEktGcd","A","F","Neg","5",0
"R_20ZnNNUfkEktGcd","W","M","Good","6",1
"R_20ZnNNUfkEktGcd","W","M","Bad","3",1
"R_20ZnNNUfkEktGcd","W","M","Pos","1",0
"R_20ZnNNUfkEktGcd","W","M","Pos","6",1
"R_20ZnNNUfkEktGcd","W","M","Neg","2",1
"R_20ZnNNUfkEktGcd","W","M","Neg","6",0
"R_20ZnNNUfkEktGcd","B","F","Good","3",0
"R_20ZnNNUfkEktGcd","B","F","Good","4",1
"R_20ZnNNUfkEktGcd","B","F","Good","5",1
"R_20ZnNNUfkEktGcd","B","F","Pos","5",1
"R_20ZnNNUfkEktGcd","B","F","Neg","3",1
"R_20ZnNNUfkEktGcd","B","F","Neg","4",0
"R_20ZnNNUfkEktGcd","L","M","Good","1",0
"R_20ZnNNUfkEktGcd","L","M","Bad","1",1
"R_20ZnNNUfkEktGcd","L","M","Bad","2",0
"R_20ZnNNUfkEktGcd","L","M","Pos","3",0
"R_20ZnNNUfkEktGcd","L","M","Pos","4",1
"R_20ZnNNUfkEktGcd","L","M","Neg","1",1
"R_3qdRlw4xmIzq1OH","A","F","Good","4",1
"R_3qdRlw4xmIzq1OH","A","F","Bad","1",0
"R_3qdRlw4xmIzq1OH","A","F","Bad","2",0
"R_3qdRlw4xmIzq1OH","A","F","Bad","4",1
"R_3qdRlw4xmIzq1OH","A","F","Pos","2",1
"R_3qdRlw4xmIzq1OH","A","F","Neg","6",1
"R_3qdRlw4xmIzq1OH","W","M","Good","1",1
"R_3qdRlw4xmIzq1OH","W","M","Good","2",1
"R_3qdRlw4xmIzq1OH","W","M","Good","3",1
"R_3qdRlw4xmIzq1OH","W","M","Good","6",1
"R_3qdRlw4xmIzq1OH","W","M","Bad","5",1
"R_3qdRlw4xmIzq1OH","W","M","Neg","3",1
"R_3qdRlw4xmIzq1OH","B","F","Bad","6",0
"R_3qdRlw4xmIzq1OH","B","F","Pos","4",1
"R_3qdRlw4xmIzq1OH","B","F","Pos","5",1
"R_3qdRlw4xmIzq1OH","B","F","Pos","6",1
"R_3qdRlw4xmIzq1OH","B","F","Neg","1",1
"R_3qdRlw4xmIzq1OH","B","F","Neg","2",1
"R_3qdRlw4xmIzq1OH","L","M","Good","5",1
"R_3qdRlw4xmIzq1OH","L","M","Bad","3",0
"R_3qdRlw4xmIzq1OH","L","M","Pos","1",1
"R_3qdRlw4xmIzq1OH","L","M","Pos","3",1
"R_3qdRlw4xmIzq1OH","L","M","Neg","4",1
"R_3qdRlw4xmIzq1OH","L","M","Neg","5",1
